vehicle_id,registration_number,load_capacity,route_id,active,depot_id
7761bb65-a226-4a1a-8198-328f6f886dfb,KDH 265A,4500.0,f70c8ef2-5b0a-4aed-82ab-c233eefde338,True,f718def1-1fd1-4bfb-8f89-fb37d5bd2be8
b52d4c7f-884e-417c-914c-0f6acca7e1af,KDH 217W,10000.0,,True,
bccce7ff-0f88-4ffb-805f-5a394a10b5d7,KCR 583S,2750.0,6c2a29a7-5f77-4d25-a5df-72ecb2333849,False,67f10a70-7093-47d7-9a5d-17f0f331e584
f4266a01-c4de-47ed-8227-55762a1687f3,KCR 202J,3500.0,0ac677dd-a5c4-4562-a7db-9ffab1102a25,False,bdc9719c-5f6b-42e6-b89b-a37e15635b35
c425664c-66ea-4044-9821-7995f1abe9c5,KCY 885W,3850.0,f125ff7a-0550-46d2-a873-42491a74e188,False,bdc9719c-5f6b-42e6-b89b-a37e15635b35
6d719205-38fc-4faf-a454-e58a35b15ad0,KCP 184E,2750.0,e82413f7-9823-4f5d-83c8-0ff13c03b4f2,False,67f10a70-7093-47d7-9a5d-17f0f331e584
e2628cbf-375e-4324-9d5a-62fc49cc9998,KCV 972Z,3850.0,1af5573b-2a80-44b7-a1d7-d54196bff007,False,5b2d745a-c125-432c-93ca-fb629957e2d4
73d961cc-919c-4b00-8ec3-2868a1396f6f,KCS 024U,5000.0,743d404e-d082-4bcd-b88c-772c49a5d526,False,bab6f582-f960-4933-ba2e-20cfa1a09073
883501f2-f5ea-4f23-9237-2d5827468d34,KDB 608V,3500.0,1f01ed41-efdd-47d8-a9e1-aae3e8f95884,False,67f10a70-7093-47d7-9a5d-17f0f331e584
8179c73a-5591-4c82-a516-6e0b4a4f0ca0,KCQ 260U,2500.0,0b787305-2e5a-4aa4-8ccf-fa7f65b2bb1f,False,2da4f36b-0634-4616-8649-c74f1b7f9ae6
3951fccf-64cf-4236-9f72-aaa8d7871b8c,KCJ 088t,4500.0,21bf95d8-275d-4a56-904d-9864b87bed0c,False,21ee323a-6149-4310-908e-74a72cd6cb09
65634f7a-ca9b-4793-9095-ddf82ac0eebe,KBN 692W,2750.0,361537d4-fe12-4101-bd0c-35d7b57a96b6,False,67f10a70-7093-47d7-9a5d-17f0f331e584
de495f90-38c9-457d-82d6-452b21262918,KBP 913M,3500.0,4692a22f-1ff0-44fb-a028-a9956601d079,False,db01133e-0d9c-4898-8812-320f02883291
4ed8f5a4-1fd9-4509-88a7-fee5e6f3bf20,KCH 236L,28000.0,,False,
581cead7-c514-420e-8998-bec62a80742a,KBR 548P,3500.0,63738e51-d524-4445-96d7-a048aa99f2ea,False,f718def1-1fd1-4bfb-8f89-fb37d5bd2be8
0c6ee291-3720-4668-befa-74ddf02ae4b9,KCK 042N,3000.0,7bb8f200-13b3-43fd-ae21-81b981584b2b,False,db01133e-0d9c-4898-8812-320f02883291
a86a281a-8969-4551-9a01-5f5b5d9ed382,KCC 774S,3850.0,2403d825-af78-4736-8347-56507421a003,False,67f10a70-7093-47d7-9a5d-17f0f331e584
0836c47a-95b1-4bd4-b483-7ac1bb91c948,KBV 259U,10000.0,f41018cb-dec9-42ff-93de-01480927fa8d,False,65f663c4-22e2-43d1-9a03-f6ddbec8cdb2
96cc8898-f0ec-4fda-a278-fe9859366bc7,KCW 201W,3500.0,6c7a24a9-925c-468d-b106-19ecbe23e04c,False,ebed2404-4068-4d15-849e-75e578bc4e55
3328462d-6537-45bf-9425-3b34cd438110,KDC 459R,3500.0,148f8c6b-2d1e-4684-87cd-71b439b46440,False,bab6f582-f960-4933-ba2e-20cfa1a09073
ac7c836b-cbfe-490a-973a-0b7639b9460e,KCZ 084H,15000.0,,True,
41b047cc-4034-416e-b61c-ce51bdf24a28,KDB 260t,2750.0,58346854-846d-4eb8-b550-7974a704a183,False,db01133e-0d9c-4898-8812-320f02883291
26b597f6-9a26-4467-a3c0-6a8322ba8fd5,KCJ 289U,7000.0,4451f4a8-1872-4490-953d-d7042ff18735,False,f718def1-1fd1-4bfb-8f89-fb37d5bd2be8
f1494ae5-8f11-4993-beb1-899849d150d0,KBT 827A,10000.0,,True,
6b93d1b2-6095-4358-96b4-5d31eee67aca,KDA 873Y,5000.0,08b2bccd-e7c0-46d4-9beb-746ad7cd6de7,False,f80fee38-9a1a-4191-90f5-153687255446
e8a7f789-e866-4bb7-ae32-c2329c97e174,KDH 021B,3000.0,8da9b2a4-30aa-4717-a708-f8416d780e44,False,db01133e-0d9c-4898-8812-320f02883291
9e61666c-3d1f-4e77-a078-e241e8c21bef,KDA 963R,2500.0,a3c4d7e9-b7b9-494b-904c-40feec7fb90a,False,bdc9719c-5f6b-42e6-b89b-a37e15635b35
f65d7563-46c1-43b1-ba9d-90fbbb0b3590,KBY 224B,2000.0,a6648784-f04c-4e3b-b649-1f6daab1d8c7,False,f80fee38-9a1a-4191-90f5-153687255446
1f26dcf8-03f2-498e-bb4d-c9823dd7db59,KCD 945N,10000.0,,False,
dbb82a8d-0494-42d2-95b1-5a0b11a57390,KCG 775G,5000.0,1e4dfe87-f6e9-4788-a27f-b6bb85886722,False,bdc9719c-5f6b-42e6-b89b-a37e15635b35
45fcaf6f-5b67-460b-a414-5677cea06436,KCE 406Z,4500.0,7e679ce3-f235-4d90-b217-757c5284a78b,False,91439a00-7c10-435f-97da-31b88c39112e
2440c207-ef81-471e-9477-01f8dcbe91f2,KDJ 594S,4500.0,2a13244e-6d77-4f72-9e5d-b67b4bc9d14d,True,65f663c4-22e2-43d1-9a03-f6ddbec8cdb2
3d59e80a-3155-40fe-889d-e75e7de40b67,KDH 431Z,8500.0,fc39aa9f-28a7-4ce0-ae9e-ac8d7b45df2c,False,ebed2404-4068-4d15-849e-75e578bc4e55
c866c2de-35fd-4d3e-9958-7ae348cdf0f7,KBK 940C,3000.0,148f8c6b-2d1e-4684-87cd-71b439b46440,False,bab6f582-f960-4933-ba2e-20cfa1a09073
21560cad-556e-401a-8377-5b70c3413d58,KBQ 904A,3500.0,95e538a3-a232-4a80-9419-fa575d0de857,False,67f10a70-7093-47d7-9a5d-17f0f331e584
8c78b923-8f89-44ef-9f8b-3474024f896a,KCQ 025h,5000.0,51264b3c-d33f-4bc1-8037-d9108c6c2564,False,db01133e-0d9c-4898-8812-320f02883291
3ccc4dc9-97bb-49f7-a77d-a5e009ffad6d,KBR 213S,10000.0,,True,
906c60a8-32ae-4268-9f3d-990a74e91c92,KAK 994J,3800.0,f61308cd-0ca5-4159-8df0-abb82a62bb23,False,6fbe0a9a-f523-4bce-a12f-a98b9bec32ab
cf2b1e1c-6e1a-4cfe-b8cc-057e2c48c8f2,KCP 311C,3000.0,7c24a15d-10cd-48e0-a939-f9704f02058d,False,f80fee38-9a1a-4191-90f5-153687255446
7408e1cc-d289-4106-99a8-b2f2e33cf87c,KBQ 304H,3500.0,f760752d-79fe-442a-b2c1-322af4e5e422,False,bab6f582-f960-4933-ba2e-20cfa1a09073
cb620b12-e786-406f-85c3-ac7c5a194be6,KDB 051K,5000.0,b64fc5cb-e6d4-467a-b7d7-2a89f4ea7546,False,f80fee38-9a1a-4191-90f5-153687255446
a685ddbb-9627-428c-a60c-5d31da5444e5,KDD 226Y,10000.0,,True,
51d05947-22c7-4589-a4e9-e606480b12f4,KCU 410a,6000.0,1edeff41-5bdb-4f7c-9647-7b873abe26e1,False,f80fee38-9a1a-4191-90f5-153687255446
ca3f47f5-5710-474e-887f-0586da8a00dc,KCR 380A,4500.0,361537d4-fe12-4101-bd0c-35d7b57a96b6,False,67f10a70-7093-47d7-9a5d-17f0f331e584
b75a7f99-685c-49df-896d-8ea44e9b50d7,KBY 776v,3850.0,361537d4-fe12-4101-bd0c-35d7b57a96b6,False,67f10a70-7093-47d7-9a5d-17f0f331e584
f56f38d6-1612-492b-b271-3d5fa80c774f,KCJ 271U,5000.0,f807f4ed-568c-4d3d-8a0d-e29ceadd7f00,False,36aab551-1b63-4794-a827-d58b95d16556
18157f12-0f94-4dca-ae74-17fa9f13445b,KBZ 110G,3850.0,1c9cfc41-e3e9-4d1f-b574-c5eb9ee7c123,False,2da4f36b-0634-4616-8649-c74f1b7f9ae6
c836caa7-891b-422f-8148-88ed3e65cda5,KCZ 999Z,3800.0,4835cd9a-2886-41f5-ba9a-471ef0e0aa22,False,5b533901-0623-4f78-bace-9f677c1f459b
7285d447-b9b0-48f6-a500-cc5ee495bfd4,KBX 037V,2750.0,7c24a15d-10cd-48e0-a939-f9704f02058d,False,f80fee38-9a1a-4191-90f5-153687255446
1f9ee032-2968-4f17-a515-15503b3530c3,KCM 701N,7000.0,b26254ef-ab22-4c03-81f0-f219e94f395d,False,fc40a266-519a-409f-a66c-f991a724ae90
25da964c-227a-4b91-b94a-0ee577026c5d,KDL 263W,5000.0,76702653-23de-4370-b7ff-e5aafaee24a6,False,ebed2404-4068-4d15-849e-75e578bc4e55
c975f6c8-4b93-4942-af4c-639eec7937f2,KDC 453E,5000.0,6650c672-5a8d-4120-a012-11973de681dc,False,65f663c4-22e2-43d1-9a03-f6ddbec8cdb2
ae79fb71-14e4-4f19-a8bf-91289fa572ea,KCP 512D,3000.0,1f01ed41-efdd-47d8-a9e1-aae3e8f95884,False,67f10a70-7093-47d7-9a5d-17f0f331e584
22e0acaf-a7b6-4f04-adbf-d178f9e42ea3,KCT 546n,4500.0,9a2f96af-937a-4f22-a523-175e2bbcea2e,False,bdc9719c-5f6b-42e6-b89b-a37e15635b35
899e01a1-9b78-4057-99d5-302ad8beab3f,KDG 044T,3000.0,d178368c-4986-4b54-bec5-fea9d76a4da0,False,bab6f582-f960-4933-ba2e-20cfa1a09073
32fb2618-3b68-4772-8742-51be3fbebb76,KCK 709V,4950.0,7bb8f200-13b3-43fd-ae21-81b981584b2b,False,db01133e-0d9c-4898-8812-320f02883291
38988b41-88c7-4095-8aba-91c2c4aa6eca,KAY 619X,4000.0,a153b9a0-e018-4389-9f66-c2f6799a8aaa,False,f718def1-1fd1-4bfb-8f89-fb37d5bd2be8
d8ad51a4-ada5-48ca-9f00-2f49f8f0b623,UBD 178Z,2500.0,66a6bbae-8df7-4303-aa83-34bdf57b62ae,False,964e854f-07df-4cdb-b87c-2d16391f724c
4faec4e7-ffbd-4668-aab1-c41afa2e2cd5,KCZ 930Q,3500.0,f848c5d2-ebf5-4c40-9383-4bbf7c9f8b02,False,2da4f36b-0634-4616-8649-c74f1b7f9ae6
66d8c35c-06c8-424d-a9e0-8782474742fd,KBT 631Q,10000.0,,True,
4ba074b1-28c8-4958-98a6-15c9bb6c49a0,KDB 150B,8000.0,cc53ea42-12b2-441c-9417-1facd6e59e26,False,790ee6ba-e7d5-4743-ac10-e88636792a60
1bcf70b4-f9e7-4959-b157-1e21644bc572,KBJ 956K,7500.0,a4a42b8d-a290-4fe2-b228-1c639227da93,False,65f663c4-22e2-43d1-9a03-f6ddbec8cdb2
7ad14637-45c8-4db3-b607-20b773ef2c17,KCQ 131A,3500.0,a17df0cf-4fb4-4c8d-93f6-59128e8460b1,False,bdc9719c-5f6b-42e6-b89b-a37e15635b35
92371e9a-b4ee-41ed-92a2-5f5a1c17b90f,KDG 238J,10000.0,,True,
c6fc768f-bcf1-448d-a609-a3d1da8351ea,KDJ 754F,5000.0,342025de-166b-4043-b5b3-015ecd522174,False,9ec232d6-0ae6-4673-a91e-e95bbf910350
77f86c7d-ab79-4592-81d6-a2eeba14bcbf,KCQ 910A,28000.0,,False,
3a6c4147-0b83-4e1f-93b0-d87e7ba14067,KCG 505U,4000.0,659259c1-288f-4634-95d6-2a78e6b64372,False,db01133e-0d9c-4898-8812-320f02883291
cb2bf69c-3459-4021-bfe6-01bd08847833,KBW 289L,3850.0,36ed0ad7-a24e-45ef-97d6-b643ad4d9095,False,2da4f36b-0634-4616-8649-c74f1b7f9ae6
d27241ec-b924-4466-a1cd-57ecbac7c165,KCV 240A,7000.0,63738e51-d524-4445-96d7-a048aa99f2ea,False,f718def1-1fd1-4bfb-8f89-fb37d5bd2be8
1064e5aa-d1c6-4fb9-becd-dbc21c32c412,KCP 044V,7000.0,d999c856-a2e9-4563-826c-b06027be365b,False,2da4f36b-0634-4616-8649-c74f1b7f9ae6
af7ba5d2-ba2f-4c17-807e-d1179978f468,KCK 257Q,5000.0,662778e9-ef6b-4d6e-8a62-620671f0bdaa,False,ebed2404-4068-4d15-849e-75e578bc4e55
a971c79b-6261-427a-8550-5d8ffcce46ec,KBV 508W,3000.0,7bb8f200-13b3-43fd-ae21-81b981584b2b,False,db01133e-0d9c-4898-8812-320f02883291
e17c6379-edac-4e60-a6e0-2b9fb509a1f7,KCS 060G,6000.0,7aead0f3-cef4-42c1-ba36-be6d3fcd7688,False,ebed2404-4068-4d15-849e-75e578bc4e55
443d8f0f-6692-45db-9884-89e3f1ed5393,KAK 912p,4000.0,f8e6cdbe-8bea-4a90-bb47-24282fd37e61,False,6c8821b8-655f-4851-81cd-5ee0dfbdc9a7
2413f0e7-da3c-4545-89f7-6b2f109663a5,KBQ 710B,5000.0,3e293bd9-cd84-4f30-a9be-d59d3b19ea7c,False,2da4f36b-0634-4616-8649-c74f1b7f9ae6
9d154dd6-e711-4e47-b86b-7ba00d601c9d,KCM 938A,6000.0,b1371a5a-c2c5-4598-b6f3-cf0b47a95548,False,ebed2404-4068-4d15-849e-75e578bc4e55
573ace7b-805b-4ac1-b252-7fd2b3258f6d,KCG 149N,5000.0,46b95569-7e4f-4251-9693-3d6d3685e826,False,790ee6ba-e7d5-4743-ac10-e88636792a60
4f65e826-e273-4df7-93a9-449dd34e8f02,KDB 504W,2500.0,2c3d618a-c018-44a3-ad03-905667cab539,False,f80fee38-9a1a-4191-90f5-153687255446
f1f0a0c4-e60c-42cb-b2f9-6530172af291,KBM 455U,2500.0,a6648784-f04c-4e3b-b649-1f6daab1d8c7,False,f80fee38-9a1a-4191-90f5-153687255446
65ca7f3a-2b94-4c7f-91cd-3b81f8c13a8e,KCV 820T,3500.0,d183d751-718b-4938-80b7-f13883674439,False,5b2d745a-c125-432c-93ca-fb629957e2d4
9c9982c5-723b-4e3a-98aa-787bd66c7078,KDA 779D,4500.0,3bc7a230-4b35-48e9-a103-5c25cb9db637,False,bab6f582-f960-4933-ba2e-20cfa1a09073
352da0ea-27e2-461d-95c7-44af224ec5ae,KCF 445R,5000.0,772279fb-d215-4a7b-bc0a-ad54503d96b4,False,3259d09a-a825-4e53-ab3f-657d1c415eb0
e44e94e4-9db3-416d-b3b5-b470562943a3,KCR 817U,2000.0,36ed0ad7-a24e-45ef-97d6-b643ad4d9095,False,2da4f36b-0634-4616-8649-c74f1b7f9ae6
7dae841f-01dc-4390-b2d9-4a206a713179,KBT 392B,5.0,2291662d-f797-4f90-8abd-60f7093fe0d8,False,702ac963-e29f-4a52-adb3-fd03adef8fc9
cf8bb80c-44ea-4a43-9a0e-0879e5249233,KBq 094R,6000.0,be3557d6-7d12-4a10-a406-191541374e18,False,ebed2404-4068-4d15-849e-75e578bc4e55
1d9408f2-38a3-46c6-8ac5-123aa374cb20,KDC 294N,10000.0,,False,
bec6bcf0-54de-4b7b-ad2a-53132a206c5c,KDJ 025U,7000.0,41b02039-c0b3-4476-8e64-bcb48f517e65,False,21ee323a-6149-4310-908e-74a72cd6cb09
898f34c1-dd60-43fc-8e1b-ab3ddfb3a1a8,KBJ 361E,10000.0,,True,
be9e573a-c56b-47c4-9c7d-5ae4fa12c661,KCD 031W,5500.0,41b02039-c0b3-4476-8e64-bcb48f517e65,False,21ee323a-6149-4310-908e-74a72cd6cb09
b18997c2-be37-401f-aa47-93e2df004bb1,KBU 903J,3800.0,3572e844-f1bd-46bc-b748-720404c94119,False,bab6f582-f960-4933-ba2e-20cfa1a09073
29352609-04fc-4cde-9263-c5018d86af29,KDG 110j,12000.0,9cc76e71-0c59-406b-a10b-208609b2bbab,False,f718def1-1fd1-4bfb-8f89-fb37d5bd2be8
ca2ac4fe-de2e-498f-ad03-582460e17aa8,KDC 271Y,3500.0,6a9cfdbb-6da0-4a76-a28d-40121cce78bb,False,ebed2404-4068-4d15-849e-75e578bc4e55
a0b3aa44-e45d-48b4-a532-f2603c01ff85,KAL 857U,3000.0,2676099c-2999-4d7f-bad7-c8b601c5693f,False,f718def1-1fd1-4bfb-8f89-fb37d5bd2be8
622ddc8a-34c9-446b-bb20-844043f55773,KCD 871W,3500.0,67fd6b10-68c8-48fd-bf70-0ba07be45e55,False,65f663c4-22e2-43d1-9a03-f6ddbec8cdb2
3fecbb1a-4e4d-4f75-9852-f32128266e82,KDC 171Y,3500.0,6a9cfdbb-6da0-4a76-a28d-40121cce78bb,False,ebed2404-4068-4d15-849e-75e578bc4e55
6f63114e-a0f4-41ab-ad4a-08b3f8588358,KCK 706V,3850.0,6a9cfdbb-6da0-4a76-a28d-40121cce78bb,False,ebed2404-4068-4d15-849e-75e578bc4e55
0db2240f-c0bb-4d7b-9e27-0dde15399a96,KCG 261V,3500.0,f5cb750d-b5c5-4c3f-8221-a83bbbff3fb7,False,f80fee38-9a1a-4191-90f5-153687255446
c0bb039b-6ae1-42cd-b0c5-afeba4e8ecda,KBQ 849C,3850.0,8a4d5834-2671-4339-a1b6-3f0466e445fd,False,5b2d745a-c125-432c-93ca-fb629957e2d4
29d66aff-8e02-4926-8c66-9093065ffbd0,KCP 890R,2500.0,361537d4-fe12-4101-bd0c-35d7b57a96b6,False,67f10a70-7093-47d7-9a5d-17f0f331e584
e5f72245-91df-48ae-8eae-b4f01c08624d,KCR 798u,2750.0,444d9b0e-433e-46b2-b66d-284a4ad48307,False,67f10a70-7093-47d7-9a5d-17f0f331e584
e34f9b0d-0c2c-4148-ba4c-5882160ca9d2,KCQ 025H,5000.0,1002e77b-80ca-4b56-952d-581512362491,False,db01133e-0d9c-4898-8812-320f02883291
b1c91ec1-8b2b-45a5-8fef-27eac9c12180,KCD 123A,10000.0,,True,
1357ca2c-d597-4adc-9420-c816b67a0a50,KBW 710X,3273.0,f6c0d941-bf97-405a-bf6b-71256c335dcb,False,67f10a70-7093-47d7-9a5d-17f0f331e584
ff7cab80-e41c-4a2b-ad34-c4f222cc71e8,Kbn 692W,2500.0,3472b97d-77b6-4859-804f-5d18e7becbc0,True,2da4f36b-0634-4616-8649-c74f1b7f9ae6
144d017f-3a9a-4bba-b49d-b547cfc0c802,KBZ 270R,4500.0,7aead0f3-cef4-42c1-ba36-be6d3fcd7688,False,ebed2404-4068-4d15-849e-75e578bc4e55
96c7423e-ae71-4c30-8cdb-698c627a3dac,KCZ 927W,3500.0,77aa4768-810d-4c2b-8b1e-7d802401e336,False,f718def1-1fd1-4bfb-8f89-fb37d5bd2be8
2581466d-1415-44c1-bb26-b968709da56a,KCW 087N,3800.0,f760752d-79fe-442a-b2c1-322af4e5e422,False,bab6f582-f960-4933-ba2e-20cfa1a09073
b62866a5-b743-4421-9842-0c01c410dc6d,KCR 798U,4000.0,a0aa190d-c886-481b-b73b-59ccb5d36d34,False,67f10a70-7093-47d7-9a5d-17f0f331e584
afefb902-268b-4b73-9855-6b978d366ed6,KDE 142J,10000.0,,True,
7a892f73-776e-42e4-ab1e-67c554112053,KDA 608V,3500.0,1f01ed41-efdd-47d8-a9e1-aae3e8f95884,False,67f10a70-7093-47d7-9a5d-17f0f331e584
7dffa620-e9a9-42ab-bc7d-e5b0e1d93a6b,KCJ 182R,3000.0,62790b65-5446-4433-abac-0b4ac0ec9585,False,21ee323a-6149-4310-908e-74a72cd6cb09
5705f718-ba58-4296-9491-6442576d4be6,KAP 231r,2750.0,58346854-846d-4eb8-b550-7974a704a183,False,db01133e-0d9c-4898-8812-320f02883291
dffd9d6c-8b58-42ca-b0ad-96547ebc7735,KBN 693W,2500.0,361537d4-fe12-4101-bd0c-35d7b57a96b6,False,67f10a70-7093-47d7-9a5d-17f0f331e584
ec32edfc-0513-4c9d-8645-9dbda1562a4e,KDJ 478A,5000.0,d999c856-a2e9-4563-826c-b06027be365b,False,2da4f36b-0634-4616-8649-c74f1b7f9ae6
357fa909-132c-4ddd-b086-c55bb6ddaf79,KDJ 028U,6500.0,d4956fd9-29c8-49c4-a84e-d5e6dad07be6,False,ebed2404-4068-4d15-849e-75e578bc4e55
dcbc1c2d-c6d1-4f4f-90c7-5815a2f067ae,KBZ 498Z,3850.0,40e76b4d-3360-4e12-9dd4-718796bcfc3b,False,21ee323a-6149-4310-908e-74a72cd6cb09
fd5701fc-7628-4d0a-9314-3d15a44d72bd,kcg 775c,3000.0,866f47f5-7701-4afb-9c5d-43b6af234ffe,False,fd74587d-932d-40db-a5ee-20a5d1a620c1
b692c763-a067-463c-8421-d813c9fd103a,KBF 409H,7000.0,fe8056e5-11b4-4c3c-9883-caded08ad812,False,bab6f582-f960-4933-ba2e-20cfa1a09073
e056ec72-7ffe-4999-8529-e091d1beeadc,KCU 329G,3500.0,d7be2f4e-f98e-458d-aef4-b8e6faa6a3ab,False,f80fee38-9a1a-4191-90f5-153687255446
567ca64b-cb84-4c43-b755-f77f92c20249,KBJ 872G,4500.0,4f87d3fa-208f-4cb6-9e99-2713aecd8e09,False,790ee6ba-e7d5-4743-ac10-e88636792a60
6e59718e-fd00-4fd8-a8e7-740966948fca,KCD 049W,4950.0,5bdbbcb7-88d5-4e33-968c-93f4bcbc10e8,False,2da4f36b-0634-4616-8649-c74f1b7f9ae6
fdc5f21f-3e4a-4b22-adf2-af25290fd4ae,KCE 820W,28000.0,,True,
2e4f6601-b1bc-4af3-9e66-068aef1d82c3,KCZ 368C,5000.0,8aa096dd-f639-43e8-b34f-8a20dc3ff0e2,False,21ee323a-6149-4310-908e-74a72cd6cb09
efcdf7b3-85c6-4515-93d0-b0507b399607,KdD 033n,4000.0,ad52851f-7f97-4186-a2e5-f9fae9249948,False,67f10a70-7093-47d7-9a5d-17f0f331e584
23e424e1-01d3-4e84-a477-047e8780c07e,kcd 649z,4500.0,6c2a29a7-5f77-4d25-a5df-72ecb2333849,False,67f10a70-7093-47d7-9a5d-17f0f331e584
536f37ec-4fbe-4302-addb-0d0d18845d02,KCF 146G,5000.0,4f87d3fa-208f-4cb6-9e99-2713aecd8e09,False,790ee6ba-e7d5-4743-ac10-e88636792a60
0f31b7c3-4b37-4f79-aa43-c2aac6ec774b,KDB 483N,3500.0,49a0a162-80d7-43d2-b428-31017bf4330e,False,5b2d745a-c125-432c-93ca-fb629957e2d4
49c31520-4960-4c13-ae54-8471960d8277,KCV 080Z,10000.0,,True,
d7f593d2-2457-40b3-85b0-ac297c9417f6,KCW 833A,10000.0,ad52851f-7f97-4186-a2e5-f9fae9249948,False,67f10a70-7093-47d7-9a5d-17f0f331e584
2af268be-8d65-49a1-aca3-afb1eda370ee,KCX 927H,8000.0,b1371a5a-c2c5-4598-b6f3-cf0b47a95548,False,ebed2404-4068-4d15-849e-75e578bc4e55
37dea299-f193-4bcd-b3c8-4045bc89d19b,KCV 685G,3500.0,0638e859-fa10-46a8-b9c4-90d49e185bd0,False,790ee6ba-e7d5-4743-ac10-e88636792a60
99fd2b16-04f9-4c58-968d-1eac7feb2f85,KBK 976X,28000.0,,True,
cea8f868-6f1a-4b43-af71-566273aaee3e,KCE 505U,4000.0,2a13244e-6d77-4f72-9e5d-b67b4bc9d14d,False,65f663c4-22e2-43d1-9a03-f6ddbec8cdb2
f0eb5e78-e38c-43e5-aa22-098f404896f5,KCR 797U,2000.0,e65b0f01-e0e2-407d-8d95-ef5f54e44fef,False,f718def1-1fd1-4bfb-8f89-fb37d5bd2be8
3078de5b-cb0a-42d9-b4fd-3e1901a73185,KCK 376Y,3000.0,9893d81f-df1e-49a9-a0d4-0a5016e00e0f,False,f718def1-1fd1-4bfb-8f89-fb37d5bd2be8
425a80c9-8686-47cf-8355-fa319244c771,KCR 385a,4500.0,662778e9-ef6b-4d6e-8a62-620671f0bdaa,True,ebed2404-4068-4d15-849e-75e578bc4e55
cb95b350-3e90-4cc0-ad94-63aa25efcf32,KDA 316y,3500.0,6c2a29a7-5f77-4d25-a5df-72ecb2333849,False,67f10a70-7093-47d7-9a5d-17f0f331e584
e899e496-ca65-4d6e-85e6-683f35920743,KCR 994V,2750.0,e00da6b6-6760-47e5-bb08-ac497e2c749e,False,702ac963-e29f-4a52-adb3-fd03adef8fc9
8586f26a-4fd3-41f2-86b4-1a7d847c8abe,KBX 437M,10000.0,,False,
3673e006-713b-42a9-8e39-5e922c468ea3,KBF 748W,7000.0,21bf95d8-275d-4a56-904d-9864b87bed0c,False,21ee323a-6149-4310-908e-74a72cd6cb09
e86b6a72-7a25-49b7-b620-8692492bd8eb,KBL 089Y,3000.0,f6c0d941-bf97-405a-bf6b-71256c335dcb,False,67f10a70-7093-47d7-9a5d-17f0f331e584
1fcc7d34-ec72-45c2-9a73-b883b5f5630a,KBH 598W,10000.0,ca60e931-d28b-4a3e-9b95-96688270ebaf,False,fc40a266-519a-409f-a66c-f991a724ae90
cfda1849-42ff-4b24-b0e8-ff9fe0946aa2,KCQ 092Y,5000.0,76702653-23de-4370-b7ff-e5aafaee24a6,False,ebed2404-4068-4d15-849e-75e578bc4e55
6cd091bd-0277-451e-9daa-b245d4f2a92e,Kdc 171y,5000.0,6a9cfdbb-6da0-4a76-a28d-40121cce78bb,False,ebed2404-4068-4d15-849e-75e578bc4e55
f3ee318b-5af7-4f97-a61d-a32341a47845,KBP 206K,5000.0,3e293bd9-cd84-4f30-a9be-d59d3b19ea7c,False,2da4f36b-0634-4616-8649-c74f1b7f9ae6
ab5718af-9027-47bd-a70e-8d0d42b773f2,KBD 067G,10000.0,,True,
fb7b2710-4224-468d-813c-6e909f252b21,KDD 033N,3500.0,4c2cad0f-1672-4ad7-a915-c94f5e8424ca,False,ebed2404-4068-4d15-849e-75e578bc4e55
834c3e2d-3c24-4a41-a3da-c9f90fc82d61,KDJ 017U,6000.0,4f87d3fa-208f-4cb6-9e99-2713aecd8e09,False,790ee6ba-e7d5-4743-ac10-e88636792a60
ce027b74-479c-43a2-a7a9-ea606d5e4208,KBZ 315H,3000.0,fe8056e5-11b4-4c3c-9883-caded08ad812,False,bab6f582-f960-4933-ba2e-20cfa1a09073
f278244e-9e42-456b-b700-af6159312c3f,KCA 880B,3800.0,695e8220-8268-4180-ab0b-138ad731a176,False,36aab551-1b63-4794-a827-d58b95d16556
756adae9-db04-45a5-b2b4-a7744a7c2078,KDA 361Y,3500.0,ad52851f-7f97-4186-a2e5-f9fae9249948,False,67f10a70-7093-47d7-9a5d-17f0f331e584
46296e1d-47d3-4486-b5e6-8354c8acd4ca,KDR 237W,6000.0,37b26b39-09b2-4b25-aec8-50e073b2c3ff,False,f718def1-1fd1-4bfb-8f89-fb37d5bd2be8
a43b8925-5ceb-469d-8315-808812418b3c,KDA 751A,5500.0,4e8383ca-6c31-4e8f-939f-6379eb4afb26,False,67f10a70-7093-47d7-9a5d-17f0f331e584
e6a8277c-9730-4173-b606-496565cf0eae,KDD 547Z,10000.0,,True,
de0d38a7-d42a-4405-a002-cd8f8961bb69,KAL 944S,10000.0,,True,
4a04268f-f17b-42ad-8e4c-b2da48e9d200,KCW 282R,2000.0,2c3d618a-c018-44a3-ad03-905667cab539,False,f80fee38-9a1a-4191-90f5-153687255446
5ca6be4c-1d85-425e-832e-0a24feeb04cb,KcX 874E,4900.0,cb98bcf6-040a-4e00-964c-e0c9692588e8,False,db01133e-0d9c-4898-8812-320f02883291
f04fa2dc-9fa1-44f7-9127-a7b987a23e0c,KCR 834U,2750.0,ad52851f-7f97-4186-a2e5-f9fae9249948,False,67f10a70-7093-47d7-9a5d-17f0f331e584
341ae310-e855-4c14-b25f-9fc182944f97,KDA 864L,6000.0,781c7064-a4b3-4d12-a296-f3e71728e922,False,2da4f36b-0634-4616-8649-c74f1b7f9ae6
4c679ddf-ffbb-4227-b553-2e3d78cd641f,KCR 833U,2000.0,1f1a9a88-caa7-45d5-b878-f2f9118a5d1d,False,f80fee38-9a1a-4191-90f5-153687255446
bd574819-2ff3-4eee-aaa7-0d5308a277d9,KCZ 376B,3500.0,ad52851f-7f97-4186-a2e5-f9fae9249948,False,67f10a70-7093-47d7-9a5d-17f0f331e584
f6c1157c-dc57-48ff-9b96-5276c676f9fd,KBW 840H,3850.0,67fd6b10-68c8-48fd-bf70-0ba07be45e55,False,65f663c4-22e2-43d1-9a03-f6ddbec8cdb2
e5da87ef-87f3-460d-884b-c543e529c520,KCU 256X,10000.0,,False,
0945fb78-df3d-49cb-9b08-4e156fa077c2,KCN 315G,4500.0,659259c1-288f-4634-95d6-2a78e6b64372,True,db01133e-0d9c-4898-8812-320f02883291
36946ae4-2279-4ff1-b3df-f20d52b1f4b6,KCG 613E,6000.0,37b26b39-09b2-4b25-aec8-50e073b2c3ff,False,f718def1-1fd1-4bfb-8f89-fb37d5bd2be8
d52cc134-5736-4da2-958a-4e6cfabfb8dc,KBX 236D,4950.0,62790b65-5446-4433-abac-0b4ac0ec9585,False,21ee323a-6149-4310-908e-74a72cd6cb09
d0b901fc-b892-493a-91a5-d5f359c4cac0,KCS 430L,2750.0,2291662d-f797-4f90-8abd-60f7093fe0d8,False,702ac963-e29f-4a52-adb3-fd03adef8fc9
dd8a5ef4-c2e5-424c-8833-c14437beaada,KCV 614R,3000.0,5ee6a28b-54bc-44ae-b8d6-b5fb6d6d91f3,False,db01133e-0d9c-4898-8812-320f02883291
4a6904a3-a984-4ff0-b5a1-19d77f3b2b3f,KCU 341K,6000.0,844e7c02-569f-4572-bb58-e4a0c8bfd6ad,False,f718def1-1fd1-4bfb-8f89-fb37d5bd2be8
c60f6a5d-2518-4e18-845a-52ffb7df4740,KCH 227W,3000.0,54f0d22d-fcbf-4f53-8470-81b7e2ba2152,False,2da4f36b-0634-4616-8649-c74f1b7f9ae6
1589cf0f-997a-4f7e-b62e-65198f0c63b2,KBR 687A,4000.0,e1c1135c-6a99-41b0-939a-78f3dd75ff8a,False,65f663c4-22e2-43d1-9a03-f6ddbec8cdb2
2d45e850-9a37-4a32-9b4e-debf0ae9e429,KBX 629W,4000.0,8241bfaf-206a-4ca5-b9dc-5af2baf9a2fa,False,5b2d745a-c125-432c-93ca-fb629957e2d4
c00c0491-def8-445a-b033-7e4727fc55bc,KCD 236F,3850.0,f125ff7a-0550-46d2-a873-42491a74e188,False,bdc9719c-5f6b-42e6-b89b-a37e15635b35
4679b520-731e-48f2-bfc1-73be118b2cb7,KDB 150d,4000.0,6f4d202c-3421-483e-9b0b-53f59c5c5e2a,False,67f10a70-7093-47d7-9a5d-17f0f331e584
cb4ded1c-aced-4758-a654-2e2e859a340b,KCL 442A,5000.0,6df6b35d-fe12-4c80-84ab-5ac841d21bbe,False,790ee6ba-e7d5-4743-ac10-e88636792a60
87b06f41-2fc0-488e-999e-62f1a817d630,KCH 406L,3850.0,c6c5282f-d5bb-4be8-9e83-5c367d6b7d2a,False,bdc9719c-5f6b-42e6-b89b-a37e15635b35
628298ff-8f02-4cc8-80b7-bdde62d980c3,KBZ 153X,5000.0,211b0b2d-ad7b-450f-b4a1-f0cea56d887b,False,5b2d745a-c125-432c-93ca-fb629957e2d4
166df16f-ea23-4be5-88c6-9a93ec3db39b,KAT 414H,15000.0,,True,
ba8fa5e6-ed2a-4dd6-a497-b4cd0f9749a5,KBx 305Q,3850.0,ed42a2c7-d733-4bd6-8232-ac0e7f9e096b,False,f718def1-1fd1-4bfb-8f89-fb37d5bd2be8
c0c0bd34-025b-46ae-8898-240a7af61a02,KAA 004A,3500.0,e9e7d146-79d3-430b-81a1-570297dd7743,False,bdc9719c-5f6b-42e6-b89b-a37e15635b35
22d459e0-542b-4849-8ad4-6254c623c233,KCM 620A,10000.0,,True,
7d44caa4-d2dc-4009-bfe3-c6a5df51c5a7,KCK 021W,3500.0,09455434-79c9-42f5-a7a7-c87c236436d2,False,ebed2404-4068-4d15-849e-75e578bc4e55
633c75d4-e10f-4a8e-86a5-084fa4ea6e42,KBZ 306H,3850.0,edee8ea7-b7b9-4f64-b71b-48b7496b5a81,False,bdc9719c-5f6b-42e6-b89b-a37e15635b35
9b183de9-2f56-4159-9070-45d53764efb9,KCD 955N,10000.0,,True,
9187765c-e4af-4b4b-bf0d-49571bf5b9a8,KBA 179A,9000.0,77aa4768-810d-4c2b-8b1e-7d802401e336,False,f718def1-1fd1-4bfb-8f89-fb37d5bd2be8
2e11403c-6c8f-413d-9e94-cbffc9496208,KDK 070S,5000.0,ce2b2b3b-39ce-482f-bbe0-4858c09028b0,False,f80fee38-9a1a-4191-90f5-153687255446
556c9aca-a18c-4805-8f70-2fe13a73f030,KCR 799U,2750.0,63738e51-d524-4445-96d7-a048aa99f2ea,False,f718def1-1fd1-4bfb-8f89-fb37d5bd2be8
08b29547-43ee-456b-a244-b1db2e8c7af5,KDJ 021U,7000.0,5ee6a28b-54bc-44ae-b8d6-b5fb6d6d91f3,False,db01133e-0d9c-4898-8812-320f02883291
50044379-b48b-4cf2-a512-a3bb5ade7c63,KCB 282P,10000.0,,False,
eec4ea28-6458-46c5-badb-a38b916cb551,KCU 265X,10000.0,,True,
8c0e0ab8-6293-490b-850f-e098fcb614c5,KCG 686F,4950.0,60854a1c-a68d-47c2-bc6a-4f14ab161c10,False,65f663c4-22e2-43d1-9a03-f6ddbec8cdb2
b2e75c89-6718-4799-a783-364489ae34cd,KBM 478K,3850.0,4dd70fe1-ce95-4cbe-9cf1-d9167c0d28fa,False,db01133e-0d9c-4898-8812-320f02883291
59cbc2d7-299d-4a54-a977-bb5e7022d71c,KDJ 346E,10000.0,f70c8ef2-5b0a-4aed-82ab-c233eefde338,False,f718def1-1fd1-4bfb-8f89-fb37d5bd2be8
f07af325-59ca-4694-a3f1-116824adecb8,KCK 257q,4500.0,a532f203-da12-4e58-883a-8f9a1d3b45bd,False,2da4f36b-0634-4616-8649-c74f1b7f9ae6
1e647249-2a22-4163-b876-7626c979c775,KBB 913M,3500.0,8241bfaf-206a-4ca5-b9dc-5af2baf9a2fa,False,5b2d745a-c125-432c-93ca-fb629957e2d4
8035bd73-dbc8-4e1d-ac8c-1b13798a7acf,KCH 324V,3000.0,3e293bd9-cd84-4f30-a9be-d59d3b19ea7c,False,2da4f36b-0634-4616-8649-c74f1b7f9ae6
550ede6e-8fe2-4058-9dc0-18b0e2b51874,KCP 055Z,7000.0,1edeff41-5bdb-4f7c-9647-7b873abe26e1,False,f80fee38-9a1a-4191-90f5-153687255446
07e5fb09-fe3b-4055-86c7-84fe3d6d757b,KCS 919H,11000.0,2a13244e-6d77-4f72-9e5d-b67b4bc9d14d,False,65f663c4-22e2-43d1-9a03-f6ddbec8cdb2
ad9afdf8-a3c8-4211-8713-df26dbe4edad,kbq 127m,3500.0,be3557d6-7d12-4a10-a406-191541374e18,False,ebed2404-4068-4d15-849e-75e578bc4e55
53825119-927e-4cef-b5bd-96c58cf3450e,KBJ 552A,10000.0,,True,
f4a6b2cf-4e1a-4420-93eb-9073c62538cb,KCC 476Z,10000.0,,True,
df49c633-17eb-46c5-93d8-88e4b49574e2,kdh 431z,3500.0,77aa4768-810d-4c2b-8b1e-7d802401e336,False,f718def1-1fd1-4bfb-8f89-fb37d5bd2be8
5025c25f-0ea5-4eba-81fb-07447d8ca4bf,KCV 940D,7500.0,2676099c-2999-4d7f-bad7-c8b601c5693f,False,f718def1-1fd1-4bfb-8f89-fb37d5bd2be8
aff278de-939f-437c-b973-476c4f84e629,KDH 607V,6000.0,40e76b4d-3360-4e12-9dd4-718796bcfc3b,False,21ee323a-6149-4310-908e-74a72cd6cb09
5c802b26-68bc-4c76-a634-048c5011ae98,KDJ 019U,6000.0,6f4d202c-3421-483e-9b0b-53f59c5c5e2a,False,67f10a70-7093-47d7-9a5d-17f0f331e584
a4305c76-4037-453a-b24f-d308757dca9e,KBV 118V,7000.0,09d246ef-29b3-41c6-a723-e542554091e6,False,65f663c4-22e2-43d1-9a03-f6ddbec8cdb2
3f9a84a8-c60d-47ac-adbc-001fe514d7f5,kcu 662n,6000.0,be3557d6-7d12-4a10-a406-191541374e18,False,ebed2404-4068-4d15-849e-75e578bc4e55
30fe3415-aa3d-4f3d-969d-05134cb58bd3,KCK 247X,3000.0,ba72d35e-7302-4f25-b9d4-7eca5cb93352,False,3bf331c8-653a-4837-a3b4-db1f8bc99531
69722045-c099-4048-a268-43d89f9255d9,KBQ 107Z,3000.0,844e7c02-569f-4572-bb58-e4a0c8bfd6ad,False,f718def1-1fd1-4bfb-8f89-fb37d5bd2be8
54699b3f-d25e-4640-9604-29e79d4ee2b8,KAY 601L,3000.0,797c46c0-a6fc-44ac-974e-eb19a85ff683,False,bdc9719c-5f6b-42e6-b89b-a37e15635b35
85dde01e-f197-4aae-bc54-adcbe4f83931,KDA 068V,3500.0,f6c0d941-bf97-405a-bf6b-71256c335dcb,False,67f10a70-7093-47d7-9a5d-17f0f331e584
8721209f-598c-49ad-aef6-1ba09cb2419d,KCP 913n,3850.0,be3557d6-7d12-4a10-a406-191541374e18,False,ebed2404-4068-4d15-849e-75e578bc4e55
6ed54a53-392e-4aa6-949b-b955decf8c0d,KBG 345Y,4950.0,f6c0d941-bf97-405a-bf6b-71256c335dcb,False,67f10a70-7093-47d7-9a5d-17f0f331e584
bafd0b81-abd6-4b69-b179-577333441f5d,KBR 794A,3500.0,0528c255-bc69-4314-a887-349646421244,False,bdc9719c-5f6b-42e6-b89b-a37e15635b35
94a93f53-99e5-4048-ac51-82de38e7f4f2,KCF 207N,5000.0,91ba2436-8cf3-47ba-9979-e7ff1ff99402,False,5b2d745a-c125-432c-93ca-fb629957e2d4
75db1239-424b-41f3-9bbc-dcdc04945862,KDB 057A,7000.0,2c3d618a-c018-44a3-ad03-905667cab539,False,f80fee38-9a1a-4191-90f5-153687255446
e74b1a42-1750-47f5-b7fb-677563dd0ef0,KCH 992B,10000.0,6650c672-5a8d-4120-a012-11973de681dc,False,65f663c4-22e2-43d1-9a03-f6ddbec8cdb2
f920e726-70d0-46e5-8fd3-91fdec5054b6,KBX 305Q,3000.0,ed42a2c7-d733-4bd6-8232-ac0e7f9e096b,False,f718def1-1fd1-4bfb-8f89-fb37d5bd2be8
efc59427-635f-4620-a506-01efa5a6f2ab,KCX 077s,4500.0,49a0a162-80d7-43d2-b428-31017bf4330e,False,5b2d745a-c125-432c-93ca-fb629957e2d4
13fc1aaa-2fef-4e0f-b14b-349ffa6b513f,KCR 382A,4500.0,95e538a3-a232-4a80-9419-fa575d0de857,True,67f10a70-7093-47d7-9a5d-17f0f331e584
377307e3-2119-458a-9571-a48694dfc9a9,KDC 179C,7000.0,4692a22f-1ff0-44fb-a028-a9956601d079,False,db01133e-0d9c-4898-8812-320f02883291
07e129dc-6a8a-483c-bdbb-f90346b111e9,KDK 668H,20000.0,5522718a-2ada-4bbb-bc67-5b92f2c526b9,False,3259d09a-a825-4e53-ab3f-657d1c415eb0
7eca8da7-187e-4ede-8a7c-f71eb185560d,KBK 707J,10000.0,,True,
7488d6e5-a5e4-466b-8ea1-e94d613b0c1b,KVF 567R,3.0,,False,
4ab75ae7-3557-4745-acfd-db09d7b97143,KBR 547p,3000.0,7bb8f200-13b3-43fd-ae21-81b981584b2b,False,db01133e-0d9c-4898-8812-320f02883291
a998ba56-8e69-4e21-a6a5-3849a0e30dfe,KCE 565Z,5500.0,f6c0d941-bf97-405a-bf6b-71256c335dcb,False,67f10a70-7093-47d7-9a5d-17f0f331e584
5dfce28b-c037-4dec-9885-a84d967c035d,KBU 726A,5500.0,ce2b2b3b-39ce-482f-bbe0-4858c09028b0,False,f80fee38-9a1a-4191-90f5-153687255446
213297b2-0309-49fb-84e9-18f78be7860b,KBY 979S,2500.0,898372fe-6414-41eb-9988-f02453976f45,False,21ee323a-6149-4310-908e-74a72cd6cb09
ef3f501f-7f41-4910-a58f-2effe1bb19b6,KDL 217W,5000.0,5d0febbd-a9e3-4857-bd77-6706e6f44362,False,67f10a70-7093-47d7-9a5d-17f0f331e584
e65464d5-2e81-4186-b80e-7ac39a31f79d,KCX 264F,3500.0,0638e859-fa10-46a8-b9c4-90d49e185bd0,False,790ee6ba-e7d5-4743-ac10-e88636792a60
36e4424c-8f1d-4cff-8f93-499e15167e23,KCT 220A,10000.0,,True,
0dcd050e-38b8-4a6f-810b-edd1f1d12686,KCU 831H,3850.0,7aead0f3-cef4-42c1-ba36-be6d3fcd7688,False,ebed2404-4068-4d15-849e-75e578bc4e55
4b4835cb-452e-46ec-9937-b79ea0cbe9f9,KDC 563X,3550.0,89d6b8a5-f194-4890-a69f-5046aa7c1016,False,67f10a70-7093-47d7-9a5d-17f0f331e584
c61e615c-936d-49d1-90fa-bc66803b8e5a,KDH 019M,10000.0,,True,
6b297a4b-e2c5-4310-9a45-43854c7fe768,KBE 739V,10000.0,,True,
614c5955-ccf8-48eb-8287-f15288fb8870,KSZ 257N,3850.0,5ee6a28b-54bc-44ae-b8d6-b5fb6d6d91f3,False,db01133e-0d9c-4898-8812-320f02883291
e7e1328e-d16d-4290-9aa1-cf5eede216a1,KCZ 760W,6500.0,8241bfaf-206a-4ca5-b9dc-5af2baf9a2fa,False,5b2d745a-c125-432c-93ca-fb629957e2d4
418599f3-67b2-41ea-ad2f-ffc7271b2d70,KCX 028A,3500.0,73f7d036-795f-4790-bd11-60b0c4554985,False,f718def1-1fd1-4bfb-8f89-fb37d5bd2be8
5da38045-1950-44cd-8ca5-743d6b1b0f8f,KBV 721C,3500.0,e65b0f01-e0e2-407d-8d95-ef5f54e44fef,False,f718def1-1fd1-4bfb-8f89-fb37d5bd2be8
a5ce3eba-e80f-48f7-b362-6adeedb8cc89,UBG 479U,2500.0,83782ddf-0a8c-4852-b758-79d669f80ebf,False,964e854f-07df-4cdb-b87c-2d16391f724c
ca898407-65da-4e14-a447-f35d1cf0817f,KBP 483B,3850.0,4dd70fe1-ce95-4cbe-9cf1-d9167c0d28fa,False,db01133e-0d9c-4898-8812-320f02883291
2da921a5-2b17-4952-bf7f-43ab49b5f078,KCR 796U,2750.0,a153b9a0-e018-4389-9f66-c2f6799a8aaa,False,f718def1-1fd1-4bfb-8f89-fb37d5bd2be8
44f7702b-6e60-4a95-94e4-17682b10a7d3,KDE 016U,10000.0,,False,
267d2872-798b-4a93-9bcd-dafe95ae43ae,kcs 994j,7000.0,2a13244e-6d77-4f72-9e5d-b67b4bc9d14d,False,65f663c4-22e2-43d1-9a03-f6ddbec8cdb2
aaa4b6d4-564f-4e47-9386-52248ec64c95,KCT 580T,6500.0,4692a22f-1ff0-44fb-a028-a9956601d079,False,db01133e-0d9c-4898-8812-320f02883291
82b3904f-80e6-4cb2-835a-0f824b64c935,KCU 299W,3500.0,ce2b2b3b-39ce-482f-bbe0-4858c09028b0,False,f80fee38-9a1a-4191-90f5-153687255446
b65c631f-32ee-4de6-8645-a8183ad4c9ed,KCE 092T,2000.0,f1fb3868-3956-478e-b84e-40b620997de0,False,fc40a266-519a-409f-a66c-f991a724ae90
fcd94fd0-5865-42ef-91a5-4bffa7bece64,KDH 133V,7000.0,9893d81f-df1e-49a9-a0d4-0a5016e00e0f,False,f718def1-1fd1-4bfb-8f89-fb37d5bd2be8
cb79a1e9-ddc1-4b6a-a662-fdddbc4d64a0,KDG 286Q,10000.0,,True,
3bc21cf1-5c5e-446c-b2ca-737cd169a6de,KCR 069T,10000.0,,True,
bf5884e7-264b-4348-81a7-5c98c20fd8ce,KCG 653L,4000.0,f70c8ef2-5b0a-4aed-82ab-c233eefde338,False,f718def1-1fd1-4bfb-8f89-fb37d5bd2be8
39302f1d-8846-4707-99e1-48483d51b078,KCX 035G,3850.0,be709a16-5cd9-4c97-b1a0-07b3ff64a7b2,False,ebed2404-4068-4d15-849e-75e578bc4e55
445481aa-31cd-409f-9ada-77719fe8b62b,KCQ 161Y,2000.0,4451f4a8-1872-4490-953d-d7042ff18735,False,f718def1-1fd1-4bfb-8f89-fb37d5bd2be8
ed0aa3ab-3b91-4496-8539-44bbb57d2fa6,KBZ 709H,2500.0,4f87d3fa-208f-4cb6-9e99-2713aecd8e09,False,790ee6ba-e7d5-4743-ac10-e88636792a60
a2162e81-ef94-40eb-a950-b06da366c373,KAP 549R,3850.0,8f7a1712-b837-41a9-b2e0-ec699c21207b,False,2da4f36b-0634-4616-8649-c74f1b7f9ae6
9827c061-e40f-496a-96e4-38b7ece58b04,UBB 476Y,3500.0,1038f782-115f-4390-99c3-bf9bac884223,False,964e854f-07df-4cdb-b87c-2d16391f724c
547a78c5-b573-45f2-a572-f4cf8c0eaf51,KAX 541U,10000.0,,True,
e40dd257-457c-4f3a-a15a-7fd2aafa1d7f,KCE 173R,5000.0,3472b97d-77b6-4859-804f-5d18e7becbc0,False,2da4f36b-0634-4616-8649-c74f1b7f9ae6
63461aee-c891-4f46-9085-7318bff6443f,KBS 705Y,3500.0,f1c58bca-1eb0-4d09-aa70-7ea1f9d8906c,False,fc40a266-519a-409f-a66c-f991a724ae90
579a08f2-a615-4909-bb55-7f4455cc7885,KCQ 722Y,4500.0,7c24a15d-10cd-48e0-a939-f9704f02058d,False,f80fee38-9a1a-4191-90f5-153687255446
85dd0398-5199-4521-a854-0b6e8f503557,KCG 013D,3550.0,2b821c38-4de6-47b6-8593-cae13ffb97c4,False,790ee6ba-e7d5-4743-ac10-e88636792a60
7f85109e-52e7-4044-b9ca-8c96983e6df2,KBL 089y,4950.0,36ed0ad7-a24e-45ef-97d6-b643ad4d9095,False,2da4f36b-0634-4616-8649-c74f1b7f9ae6
7021cee7-d7f7-474e-8325-41165b6acfe6,KBH 096H,28000.0,,False,
b48e5038-65eb-41b2-8667-963a1a383faa,KBS 849D,9000.0,,True,
9efd9825-b004-473d-b6e7-078c6963a67f,KCX 702X,2500.0,361537d4-fe12-4101-bd0c-35d7b57a96b6,True,67f10a70-7093-47d7-9a5d-17f0f331e584
e1b201c0-e1f3-42bd-86ab-cbc10ce13bdb,KCG 349Y,5000.0,844e7c02-569f-4572-bb58-e4a0c8bfd6ad,False,f718def1-1fd1-4bfb-8f89-fb37d5bd2be8
fbb78cf5-7104-446f-abd6-2dfe66d09049,KCL 012Y,4000.0,cef6382d-a82d-4ced-be1a-f8c50f20e5ca,False,bab6f582-f960-4933-ba2e-20cfa1a09073
71380601-0bc2-4826-a87b-daaf15d6d0df,KCM 130J,3850.0,41e901de-4225-4016-8710-ec0036fb4bb9,False,ebed2404-4068-4d15-849e-75e578bc4e55
9acca3dd-a632-421f-ab46-30aeea31552b,KCm 715y,2000.0,5522718a-2ada-4bbb-bc67-5b92f2c526b9,False,db01133e-0d9c-4898-8812-320f02883291
3d010437-b044-4d71-ac0f-fcd99931f58b,KAK 912P,3500.0,f8e6cdbe-8bea-4a90-bb47-24282fd37e61,False,6c8821b8-655f-4851-81cd-5ee0dfbdc9a7
d063f22f-2407-4590-85f3-eb85dd7faedd,KCC 472A,3000.0,6c2a29a7-5f77-4d25-a5df-72ecb2333849,False,67f10a70-7093-47d7-9a5d-17f0f331e584
6b650dd9-09b4-4acd-85f0-9db2f3963752,KCC 016A,6000.0,21bf95d8-275d-4a56-904d-9864b87bed0c,False,21ee323a-6149-4310-908e-74a72cd6cb09
4be7f4b9-8775-4c50-9311-02ca193b49cf,KDB 148R,3850.0,444d9b0e-433e-46b2-b66d-284a4ad48307,False,67f10a70-7093-47d7-9a5d-17f0f331e584
15864f19-ad66-4f9f-b064-a76af5390522,KAL 857u,3500.0,2676099c-2999-4d7f-bad7-c8b601c5693f,False,f718def1-1fd1-4bfb-8f89-fb37d5bd2be8
c596f697-c180-4666-a45d-5c121e922a96,KCG 889A,7000.0,3bc7a230-4b35-48e9-a103-5c25cb9db637,False,bab6f582-f960-4933-ba2e-20cfa1a09073
d2a23264-0a10-4a7a-874b-64ffbefca5fa,KBJ 104S,3400.0,ce2b2b3b-39ce-482f-bbe0-4858c09028b0,False,f80fee38-9a1a-4191-90f5-153687255446
d2f1d4d8-94da-46b0-9f8d-4c14b5cd83e2,KAP 829A,10000.0,,True,
0000a521-e3e2-443f-b64f-50a91d92dcc1,KAX 051E,28000.0,,True,
3289070e-48de-4f26-b753-2860d28b4936,KDJ 175U,5000.0,46b95569-7e4f-4251-9693-3d6d3685e826,False,790ee6ba-e7d5-4743-ac10-e88636792a60
052bbfd4-74e8-4018-9d16-d16ab7b005ee,KBV 784P,7000.0,fe8056e5-11b4-4c3c-9883-caded08ad812,False,bab6f582-f960-4933-ba2e-20cfa1a09073
4ff4f78c-cbb1-478c-b456-cd6e5bf4cb4c,KBX 069J,4000.0,5e6687f8-f29a-4f19-b7dc-d946540b2706,False,65f663c4-22e2-43d1-9a03-f6ddbec8cdb2
5e1e169c-57d0-4ed8-8313-88af90189e7c,KCG 797X,3500.0,b6a44d59-ab4e-4803-9ca3-2d317205f290,False,f8b13926-9745-4158-a3ab-492e31a3f23a
1c6e2869-3ad5-4983-8f45-4ce80e5d53eb,KBE 352P,10000.0,,True,
2afad767-1e48-41a1-a52e-c967420ce0d0,KDD 068Q,3000.0,1edeff41-5bdb-4f7c-9647-7b873abe26e1,False,f80fee38-9a1a-4191-90f5-153687255446
0e77696a-7a8f-4776-b7d5-8c52d8c20fe9,KCW 246Z,10000.0,,False,
e0e7b95e-7e82-47d1-873c-49e41e1f7742,KCJ 030U,10000.0,,False,
babcefe5-a11b-4e0a-9a70-858f458544e1,KDA 001A,10000.0,7aea156a-f9b8-4e13-92f4-483c356d5893,False,5b533901-0623-4f78-bace-9f677c1f459b
d41e22e2-2b86-42b7-9730-c9073a37d5c6,KCM 136Y,3000.0,36ed0ad7-a24e-45ef-97d6-b643ad4d9095,False,2da4f36b-0634-4616-8649-c74f1b7f9ae6
a309606c-67a6-4839-a866-ee81db54e8b8,KDE 001m,10000.0,1edeff41-5bdb-4f7c-9647-7b873abe26e1,False,f80fee38-9a1a-4191-90f5-153687255446
7819366b-e362-4509-9942-41f074de25de,KCC 868j,3850.0,4451f4a8-1872-4490-953d-d7042ff18735,False,f718def1-1fd1-4bfb-8f89-fb37d5bd2be8
7da1e4d2-61f0-4165-97b3-2400a966154a,KDB 896Y,28000.0,,True,
4811ce5a-aa49-4a5a-b66c-c67c9e26566e,KDB 150D,3850.0,6f4d202c-3421-483e-9b0b-53f59c5c5e2a,False,67f10a70-7093-47d7-9a5d-17f0f331e584
afb763eb-1f38-47a0-9cfe-c9de50f4f574,KCP 899R,3850.0,f6c0d941-bf97-405a-bf6b-71256c335dcb,False,67f10a70-7093-47d7-9a5d-17f0f331e584
674d8b4c-d23a-4d67-baa8-345bd4996784,KCR 837U,3000.0,f8e6cdbe-8bea-4a90-bb47-24282fd37e61,False,6c8821b8-655f-4851-81cd-5ee0dfbdc9a7
72b0b9d6-96be-4b56-87a4-f7d62bd39c35,KDJ 174U,5000.0,3e293bd9-cd84-4f30-a9be-d59d3b19ea7c,False,2da4f36b-0634-4616-8649-c74f1b7f9ae6
dd018b61-36b8-47fc-b2f9-80864236b6cd,KCP 038R,3000.0,,False,
442bcec3-2026-49e7-89d4-fae4b8beb7d3,KDJ 710H,7000.0,a075b64b-3018-4760-9deb-c5c165cf4db1,False,bab6f582-f960-4933-ba2e-20cfa1a09073
f74aea93-7e93-469d-8126-65a04d6200c5,KBQ 094r,3500.0,41e901de-4225-4016-8710-ec0036fb4bb9,False,ebed2404-4068-4d15-849e-75e578bc4e55
a781a0aa-b28d-40e3-8f4c-7da5835d4293,KBN 758F,28000.0,,False,
312c1f47-9e24-482a-bd00-9bf2b8b548a8,KCS 091z,3500.0,95e538a3-a232-4a80-9419-fa575d0de857,False,67f10a70-7093-47d7-9a5d-17f0f331e584
4408d3f3-0c42-4b21-9c2e-ee57eb71f169,KDJ 025H,10000.0,,True,
81963ffa-4bc4-4238-8442-d38f31c938dd,KCV 089X,8000.0,2bc68658-8279-4bb8-b5d5-d02a20d1ac57,False,f80fee38-9a1a-4191-90f5-153687255446
3e8bb621-a80f-4803-88f3-c66a7f731a28,KCQ 163Y,2000.0,5bdbbcb7-88d5-4e33-968c-93f4bcbc10e8,False,2da4f36b-0634-4616-8649-c74f1b7f9ae6
f81a9914-4b73-4ad4-9796-592986b553c0,KCU 860H,7000.0,e26f7e87-5356-4e56-b7aa-5c37cb04635f,False,2da4f36b-0634-4616-8649-c74f1b7f9ae6
a3799458-6555-492a-a669-aa8625899ace,KBQ 292Z,3000.0,89d6b8a5-f194-4890-a69f-5046aa7c1016,False,67f10a70-7093-47d7-9a5d-17f0f331e584
ce834670-f324-4a99-8b76-3d4d276429a6,KDH 127T,10000.0,,True,
b5c06d05-5c17-42aa-9e09-dfd71b9070a0,KBZ 706H,3850.0,3ab9513e-a694-4ac4-b2ca-73e58592fe48,False,790ee6ba-e7d5-4743-ac10-e88636792a60
7f40189e-44a2-414e-a077-6ad3b700ae4d,KCG 814H,2500.0,9a2f96af-937a-4f22-a523-175e2bbcea2e,False,bdc9719c-5f6b-42e6-b89b-a37e15635b35
ebd9887e-f8e6-4fac-a766-0814dc8cc431,KCK 416g,10000.0,2291662d-f797-4f90-8abd-60f7093fe0d8,False,f718def1-1fd1-4bfb-8f89-fb37d5bd2be8
ae82fb4c-8ff2-428a-8474-904e54553ccb,KCX 264X,3850.0,4f87d3fa-208f-4cb6-9e99-2713aecd8e09,False,790ee6ba-e7d5-4743-ac10-e88636792a60
6d42c2fa-0b8d-48aa-9da1-8f25a949a5bb,KCC 943N,4500.0,a532f203-da12-4e58-883a-8f9a1d3b45bd,False,2da4f36b-0634-4616-8649-c74f1b7f9ae6
03559c0b-0e2e-4b6a-9f46-43b5099637ab,KCQ 742A,10000.0,,False,
1a4a37ee-7a16-4e3d-957e-eb529ee53c97,KBJ 103E,3500.0,644556bd-5d78-4d67-9b2c-525c6bb11f5f,False,f718def1-1fd1-4bfb-8f89-fb37d5bd2be8
78c3d6af-d1fc-4b49-806f-649ea52a7cb7,KCZ 199V,2750.0,b4687c24-adfb-4df2-8e1d-f255bc811b5d,False,bab6f582-f960-4933-ba2e-20cfa1a09073
8ed3c912-4eab-485d-8b83-86fcd309b148,KCC 773C,3850.0,8aa096dd-f639-43e8-b34f-8a20dc3ff0e2,False,21ee323a-6149-4310-908e-74a72cd6cb09
441f03f8-2ed3-4613-9a06-0e3f0fcd94c1,KQQ 555T,10000.0,4835cd9a-2886-41f5-ba9a-471ef0e0aa22,True,5b533901-0623-4f78-bace-9f677c1f459b
2e4cf045-7c3a-4482-83da-6da93fc23fa0,KCH 797H,5000.0,1af5573b-2a80-44b7-a1d7-d54196bff007,False,5b2d745a-c125-432c-93ca-fb629957e2d4
b832b2d9-bc94-4a05-99a7-4359018a59b9,KDJ 596S,7000.0,211b0b2d-ad7b-450f-b4a1-f0cea56d887b,False,5b2d745a-c125-432c-93ca-fb629957e2d4
4af06493-7a76-4d32-9ede-c823f2e7ef3b,KCL 960B,28000.0,,True,
4b9e665e-a1bd-47a0-9f9b-41d82b12a7ab,KCY 122P,4500.0,f6c0d941-bf97-405a-bf6b-71256c335dcb,False,67f10a70-7093-47d7-9a5d-17f0f331e584
5e088390-95ab-4888-ab9f-3a8d396816d7,KBN 319D,28000.0,,True,
3c89c476-dfcc-4981-8db7-aa1657aafbfc,KDA 426T,5500.0,09d246ef-29b3-41c6-a723-e542554091e6,False,65f663c4-22e2-43d1-9a03-f6ddbec8cdb2
9c4decd2-ec36-418a-89bc-a71765839a6d,KCR 789U,2750.0,37b26b39-09b2-4b25-aec8-50e073b2c3ff,False,f718def1-1fd1-4bfb-8f89-fb37d5bd2be8
0a274c75-2ce9-4a75-857e-a4f592b8478e,KBR 734P,10000.0,,True,
e081d5fd-6ac2-4437-92ed-ed00b1cf466f,KCN 210V,3850.0,00d7a3ea-7667-4f2c-a51d-e011c6f1bcc5,False,5b2d745a-c125-432c-93ca-fb629957e2d4
b6a2a6cf-c2b1-484f-b94d-86f85135eae9,KYY 003B,5000.0,be8d5605-3c63-4ace-a613-95a252409b73,False,6f1740ea-39cd-4313-ac5d-a34bbc031924
aa070f20-bdf6-4e7e-b4b6-c68e16263097,KCC 907T,5000.0,1c9cfc41-e3e9-4d1f-b574-c5eb9ee7c123,False,2da4f36b-0634-4616-8649-c74f1b7f9ae6
7106dd4f-58a9-4e7b-a593-4557d03329e4,KBD 760P,6000.0,,True,
a2445ac4-d363-49f3-881f-d2411a610524,KCC 805C,3500.0,b81634ee-7222-439f-ad45-24e330b8837e,False,790ee6ba-e7d5-4743-ac10-e88636792a60
98567b01-35a9-495e-b74f-a87c7a970595,KDC 970W,2000.0,2bc68658-8279-4bb8-b5d5-d02a20d1ac57,False,f80fee38-9a1a-4191-90f5-153687255446
9d9bf0c0-d1ee-4124-8ccf-6ee58a70d2b4,KBP 266K,3500.0,a5bf55db-aaba-44fd-b4d5-d59567ffa2b7,False,702ac963-e29f-4a52-adb3-fd03adef8fc9
d3922796-6650-4ce2-8824-b6a6cd4c97d2,KCN 933L,3850.0,ad52851f-7f97-4186-a2e5-f9fae9249948,False,67f10a70-7093-47d7-9a5d-17f0f331e584
4a1fc54e-e911-4c56-9aa4-65e4a0c7e973,KBU 057V,28000.0,,True,
fa07ef18-c143-4d57-941e-862c43b3e48c,KBV 537H,10000.0,,True,
683f78aa-4395-4136-bcb1-9ca67af86d6b,KCC 508U,28000.0,,True,
8c6d9027-9d19-4a54-867b-f61d86ac937f,KDD 586Z,10000.0,,False,
59a21b89-4ef3-4b37-b1e1-6103b7f82297,KCQ 723Y,4500.0,cb98bcf6-040a-4e00-964c-e0c9692588e8,True,db01133e-0d9c-4898-8812-320f02883291
b2ad29b8-ee38-4db4-8c7e-d015f24818aa,KCG 688X,2750.0,ad52851f-7f97-4186-a2e5-f9fae9249948,False,67f10a70-7093-47d7-9a5d-17f0f331e584
c834d547-75b2-4b27-976f-b7ece655852a,KBS 356J,3500.0,743d404e-d082-4bcd-b88c-772c49a5d526,False,bab6f582-f960-4933-ba2e-20cfa1a09073
c34abc75-7ee7-4d30-8a8e-b76bbb2f63aa,KDP 629C,6000.0,f6c0d941-bf97-405a-bf6b-71256c335dcb,False,67f10a70-7093-47d7-9a5d-17f0f331e584
3ae845da-cbbd-470e-ab7d-f91cdd7d5a9b,KCV 018K,10000.0,,False,
ffbc288d-271f-4cf1-b80e-f83410ea4a6e,KCJ 086P,10000.0,f848c5d2-ebf5-4c40-9383-4bbf7c9f8b02,False,2da4f36b-0634-4616-8649-c74f1b7f9ae6
60084104-b4d5-40b2-a517-d52e54c44cfa,KCB 969Y,3500.0,ca400c53-ca8b-4d8e-bbc1-d14a832a02a7,False,f718def1-1fd1-4bfb-8f89-fb37d5bd2be8
b6f422df-c465-4da6-a706-8977ebfd2015,KCD 013W,3500.0,d178368c-4986-4b54-bec5-fea9d76a4da0,False,bab6f582-f960-4933-ba2e-20cfa1a09073
732f81b9-ca43-4e9d-851d-bc828fa7173f,KCU 718C,3500.0,4c2cad0f-1672-4ad7-a915-c94f5e8424ca,False,ebed2404-4068-4d15-849e-75e578bc4e55
d952d7cd-12e5-463b-bc72-c7432ad4633c,KBL 948C,3500.0,54f0d22d-fcbf-4f53-8470-81b7e2ba2152,False,2da4f36b-0634-4616-8649-c74f1b7f9ae6
50828e1d-745d-47f7-a3cb-8fbf60ddf294,KBS 871Z,4500.0,6c7a24a9-925c-468d-b106-19ecbe23e04c,True,ebed2404-4068-4d15-849e-75e578bc4e55
9d8332ca-408a-4c21-ab53-4330f7704ae9,KCL 679F,2000.0,7c24a15d-10cd-48e0-a939-f9704f02058d,False,f80fee38-9a1a-4191-90f5-153687255446
d37fbd0c-171e-41d3-b48b-5b18d46d27b7,KAK 100E,3500.0,4835cd9a-2886-41f5-ba9a-471ef0e0aa22,False,5b533901-0623-4f78-bace-9f677c1f459b
947adc4d-27f3-4407-b57a-bb6ab61fa6e5,KCC 149N,3500.0,4c2cad0f-1672-4ad7-a915-c94f5e8424ca,False,ebed2404-4068-4d15-849e-75e578bc4e55
c37a00f9-5655-446e-9441-682b191ce82a,KDG 131G,5000.0,a532f203-da12-4e58-883a-8f9a1d3b45bd,False,2da4f36b-0634-4616-8649-c74f1b7f9ae6
15259f7a-1ed6-498f-ae0a-37b0354e193d,KBN 512D,3850.0,4e8383ca-6c31-4e8f-939f-6379eb4afb26,False,67f10a70-7093-47d7-9a5d-17f0f331e584
29ea05ad-cfa2-49dc-b3b3-eab32e13726f,KCR 112F,3000.0,0344b31f-4710-4b20-b209-fce58269c511,False,bdc9719c-5f6b-42e6-b89b-a37e15635b35
66842898-d1b6-4efd-87cb-5976234a2e1d,KBQ 292z,3500.0,66008fa3-723c-401e-bb0a-d31e54472146,False,790ee6ba-e7d5-4743-ac10-e88636792a60
c855dfb5-31bd-437f-a260-e4f43b04728e,KCE 477L,4500.0,63738e51-d524-4445-96d7-a048aa99f2ea,True,f718def1-1fd1-4bfb-8f89-fb37d5bd2be8
c01aedcf-37b1-4208-9abb-e21628428649,KDH 296R,8000.0,e65b0f01-e0e2-407d-8d95-ef5f54e44fef,False,f718def1-1fd1-4bfb-8f89-fb37d5bd2be8
6a58f458-23fb-4a08-9fac-ae4d163d5a9d,KCV 468A,5000.0,66008fa3-723c-401e-bb0a-d31e54472146,False,790ee6ba-e7d5-4743-ac10-e88636792a60
2fa7ef2d-b924-4da2-9bcd-260437a3ee26,KBV 507W,3850.0,09455434-79c9-42f5-a7a7-c87c236436d2,False,ebed2404-4068-4d15-849e-75e578bc4e55
285aba4d-3f40-4bfb-80ee-2572218b6352,KCZ 288P,10000.0,,True,
c3e5ed45-c525-4601-a8c9-497da82fa7b5,KCN 933l,5000.0,4dd70fe1-ce95-4cbe-9cf1-d9167c0d28fa,False,db01133e-0d9c-4898-8812-320f02883291
b70afb90-e7c2-4fc9-b17e-406e74e42966,KCY 672W,5000.0,91ba2436-8cf3-47ba-9979-e7ff1ff99402,False,5b2d745a-c125-432c-93ca-fb629957e2d4
a6389d2a-96eb-4b28-a33b-04ef4fd69ff9,KBX 320S,3850.0,41e901de-4225-4016-8710-ec0036fb4bb9,False,ebed2404-4068-4d15-849e-75e578bc4e55
44abd530-b5e3-4b5c-a218-ce136ebe75fb,KDJ 046M,5000.0,a4a42b8d-a290-4fe2-b228-1c639227da93,False,65f663c4-22e2-43d1-9a03-f6ddbec8cdb2
a4994074-aa20-4ddc-a015-755aa2405e45,KDA 814B,5000.0,63738e51-d524-4445-96d7-a048aa99f2ea,False,f718def1-1fd1-4bfb-8f89-fb37d5bd2be8
61fb4853-2b66-4d05-a28d-7035e8faf08a,KDB 772Q,8000.0,51264b3c-d33f-4bc1-8037-d9108c6c2564,False,db01133e-0d9c-4898-8812-320f02883291
caeba258-ec28-4ae1-9fa3-eb16aee82ab7,KCW 651V,7000.0,2c3d618a-c018-44a3-ad03-905667cab539,False,f80fee38-9a1a-4191-90f5-153687255446
0d9f3cb1-de44-4e0b-92fb-f6e56cb59910,KCZ 015J,3850.0,da74cef1-d78e-483a-89a5-514acf867182,False,21ee323a-6149-4310-908e-74a72cd6cb09
d39c2dce-9b95-412b-ac7e-da2b228cdf08,KDJ 106E,10000.0,,True,
ad84fce3-669d-4c1b-8b21-e24f8639fb2c,KCU 410R,6000.0,3472b97d-77b6-4859-804f-5d18e7becbc0,False,2da4f36b-0634-4616-8649-c74f1b7f9ae6
d242e4c4-c013-47c1-b782-42306e76c743,KDD 428J,7500.0,7e3d57fb-f1cd-4918-a3d7-0bb271e9d4c7,False,fc40a266-519a-409f-a66c-f991a724ae90
59a1203c-b1a6-4d6f-a357-0c801369d1af,KDG 440F,7000.0,f1fb3868-3956-478e-b84e-40b620997de0,False,fc40a266-519a-409f-a66c-f991a724ae90
e436d0a4-0179-49b7-8100-92d8ee3e6d23,KDD 033n,6000.0,1002e77b-80ca-4b56-952d-581512362491,False,db01133e-0d9c-4898-8812-320f02883291
0c6d3641-dedd-49e7-b60f-504cedfcde42,KCX 038Y,10000.0,,True,
926b0200-9f73-4cab-aed3-b55bc16cd36d,KBM 776H,5000.0,4e8383ca-6c31-4e8f-939f-6379eb4afb26,False,67f10a70-7093-47d7-9a5d-17f0f331e584
ea25ffd2-4103-4e0b-889c-51497de95b59,UBL 181L,3500.0,34582fa1-ca60-4135-8000-5109f5bcf8a2,False,964e854f-07df-4cdb-b87c-2d16391f724c
189acfb3-5f9e-4d87-b6d2-bb79b492c925,KCR 292N,3500.0,ce2b2b3b-39ce-482f-bbe0-4858c09028b0,False,f80fee38-9a1a-4191-90f5-153687255446
01df7a2f-4da4-4d46-a54e-844380e730c8,KDJ 026U,4500.0,7bb8f200-13b3-43fd-ae21-81b981584b2b,False,db01133e-0d9c-4898-8812-320f02883291
472a245f-6959-4ceb-a113-f2d3485bfaab,KBV 109Z,50000.0,f00f74eb-7d3f-4410-b1d3-0a032f23fff4,False,21ee323a-6149-4310-908e-74a72cd6cb09
0453ec09-4b0a-474b-a714-006f93477c6f,KCY 395T,5500.0,4f87d3fa-208f-4cb6-9e99-2713aecd8e09,False,790ee6ba-e7d5-4743-ac10-e88636792a60
4886d265-00e6-45dd-aaa2-2a930609a8a6,KAN 473R,2750.0,e958432f-129e-4fe6-88a3-46c13ccd79cc,False,bab6f582-f960-4933-ba2e-20cfa1a09073
62e8b86c-1b90-4bb5-954e-259acab13210,KDJ 030U,10000.0,,False,
37d82731-d0c9-44b7-8b0f-7d869a280b6e,KBF 595N,4500.0,be3557d6-7d12-4a10-a406-191541374e18,False,ebed2404-4068-4d15-849e-75e578bc4e55
77b9ce4e-1882-4c68-8e40-7db67f7ab2bd,KCJ 517K,3850.0,a153b9a0-e018-4389-9f66-c2f6799a8aaa,False,f718def1-1fd1-4bfb-8f89-fb37d5bd2be8
9eb91d9a-4ade-45bf-a6f0-8ba5af18ee7c,kca 452l,8000.0,2291662d-f797-4f90-8abd-60f7093fe0d8,False,702ac963-e29f-4a52-adb3-fd03adef8fc9
5dd7d083-b9ca-4312-a097-270be38571b7,KDE 231X,4000.0,7879f2c0-dcf8-4f3c-9081-da040463c688,False,ebed2404-4068-4d15-849e-75e578bc4e55
40c6ea79-2297-49a3-a7ae-66bdb6acdeaa,KBT 794W,2500.0,b1d89eb7-67ef-48c1-aff5-761e415d9013,False,bdc9719c-5f6b-42e6-b89b-a37e15635b35
93fdee99-7ecb-4b51-b8e5-7969a20a56ff,KDH 302M,3850.0,d183d751-718b-4938-80b7-f13883674439,False,5b2d745a-c125-432c-93ca-fb629957e2d4
60986f6f-ac1b-4a26-9687-c8806d9d3fa7,KCA 716U,10000.0,,True,
19394ed4-b5ca-4261-88db-cf2707dfe9ea,KAH 073E,5000.0,4dd70fe1-ce95-4cbe-9cf1-d9167c0d28fa,False,db01133e-0d9c-4898-8812-320f02883291
5b0ee366-6128-4733-8889-f96e78e811ed,KBL 452A,10000.0,,True,
c8d7ca59-d00f-4d24-8db4-e8208eb759ba,KCJ 797X,10000.0,,True,
85d26987-ccfd-459e-ab14-c76eeb828ab4,KCY 079S,8000.0,7ecc276a-11aa-4fc3-be26-d78fa06655bd,False,65f663c4-22e2-43d1-9a03-f6ddbec8cdb2
97681a58-6bbb-48fd-8292-410afcd47493,KDB 278J,10000.0,,True,
361f297e-e388-4c16-ae57-7fe29275d574,KDG 823R,3500.0,b2de9c16-2626-4a68-903e-f8ce3b8d4590,False,f80fee38-9a1a-4191-90f5-153687255446
c83fe06b-3652-45dc-9b13-cf7b21a53061,KDK 070s,6500.0,0ff144fc-39f4-4901-88ca-279e277de009,False,21ee323a-6149-4310-908e-74a72cd6cb09
01ec6ecb-6e07-4d92-9198-53792c2310f3,KCS 273M,6000.0,62790b65-5446-4433-abac-0b4ac0ec9585,False,21ee323a-6149-4310-908e-74a72cd6cb09
629078f5-300d-4551-b6a6-8fb06351a875,KBJ 552G,10000.0,,True,
cf9e3a94-b6e3-437b-8060-aea3dfe01c5c,KCM 495U,4000.0,91ba2436-8cf3-47ba-9979-e7ff1ff99402,False,5b2d745a-c125-432c-93ca-fb629957e2d4
9aae7962-b4af-4d42-8b83-d615c9d80201,KAG 009H,5000.0,,False,
388c31fa-7727-4c52-822f-ed3c5d163879,KAR 706M,10000.0,,True,
2d8e74b2-0816-47f5-98e0-f8a42c7186e1,KDJ 386Z,5500.0,4a10003b-f1ff-4e4a-93ed-30346459b417,False,67f10a70-7093-47d7-9a5d-17f0f331e584
79eb4cc9-63a1-48dd-b35e-16ec0c08e3cc,KCZ 144a,13000.0,9de070ba-aee0-4688-bdc2-4ac9427a5ee5,False,f718def1-1fd1-4bfb-8f89-fb37d5bd2be8
f97371be-96d9-420a-9879-87da20cb12b7,KBN 566K,3850.0,e00da6b6-6760-47e5-bb08-ac497e2c749e,False,702ac963-e29f-4a52-adb3-fd03adef8fc9
f0d6e97d-f395-4142-896b-9b2fee31a497,KDD 653F,3500.0,1c2b5a7d-0901-4df9-a1de-85885c5dd124,False,bab6f582-f960-4933-ba2e-20cfa1a09073
ae4c5355-b4cc-49da-ae58-8e09b5d08d50,KCU 236D,3850.0,3e293bd9-cd84-4f30-a9be-d59d3b19ea7c,False,2da4f36b-0634-4616-8649-c74f1b7f9ae6
ad5fe5c9-298e-4462-af1a-cfcedbd604dc,KCA 015Y,2500.0,3572e844-f1bd-46bc-b748-720404c94119,False,bab6f582-f960-4933-ba2e-20cfa1a09073
43b699af-b2d4-4a7f-9fa1-8a0aa1f0079a,KCT 106A,8500.0,49914d3d-c2f6-41e5-bc09-8af190d5f0f5,False,21ee323a-6149-4310-908e-74a72cd6cb09
306ce282-f34b-4931-be81-5d020687f874,KBS 246S,3500.0,4dd70fe1-ce95-4cbe-9cf1-d9167c0d28fa,False,db01133e-0d9c-4898-8812-320f02883291
c9699afa-0273-4a93-86c1-e0ba00736e70,KCJ 082B ,3000.0,,False,ebed2404-4068-4d15-849e-75e578bc4e55
571f4d2c-7a2b-4269-99d5-9bbca168ffc4,KCM 715y,11000.0,88f615ac-26fc-4090-8662-e4c7df779023,True,3259d09a-a825-4e53-ab3f-657d1c415eb0
99705e59-24b5-4a68-8e8e-96c4d373ad79,KCZ 190M,3500.0,e26f7e87-5356-4e56-b7aa-5c37cb04635f,False,2da4f36b-0634-4616-8649-c74f1b7f9ae6
6b8cf8cc-9c86-40d6-a7f9-d85ebb69d27d,KDB 260T,3850.0,be3557d6-7d12-4a10-a406-191541374e18,False,ebed2404-4068-4d15-849e-75e578bc4e55
c01ef79d-6eb5-468f-881c-e04f1bd581a9,KDJ 586S,6500.0,09455434-79c9-42f5-a7a7-c87c236436d2,False,ebed2404-4068-4d15-849e-75e578bc4e55
a38debfc-eabb-4f43-a7e3-5a7949a3634a,KCA 892V,5000.0,a4a42b8d-a290-4fe2-b228-1c639227da93,False,65f663c4-22e2-43d1-9a03-f6ddbec8cdb2
8c1ed81e-2d45-441f-93c1-108a328f6586,KCR 371V,3500.0,4a57b24f-e551-4f21-b770-c25552e0e4f5,False,702ac963-e29f-4a52-adb3-fd03adef8fc9
e0457e36-f93a-4c94-a05b-f68ac8d85d1b,KBQ 572C,10000.0,,True,
cdb9824c-0889-4876-8e01-eba14fa86b8b,KCD 145J,3800.0,4835cd9a-2886-41f5-ba9a-471ef0e0aa22,False,5b533901-0623-4f78-bace-9f677c1f459b
ae43861e-e4eb-441e-b0d8-5c8dcab8450f,KCR 771D,3000.0,b1d89eb7-67ef-48c1-aff5-761e415d9013,False,bdc9719c-5f6b-42e6-b89b-a37e15635b35
024be467-ee1a-4916-bf24-62615f77f7e8,KBE 763E,3000.0,3bc7a230-4b35-48e9-a103-5c25cb9db637,False,bab6f582-f960-4933-ba2e-20cfa1a09073
0dc5e166-fb53-4331-b407-b76a5af86adf,KCX 469Y,2000.0,75b5af5a-5f35-472a-a9c6-4dd50b43850f,False,bab6f582-f960-4933-ba2e-20cfa1a09073
58a194d4-7a23-4333-aded-0e527fb18662,KBW 394L,3000.0,f70c8ef2-5b0a-4aed-82ab-c233eefde338,False,f718def1-1fd1-4bfb-8f89-fb37d5bd2be8
7fd78ba9-b80f-4c64-a51f-ac54919b16a1,KBB 742M,10000.0,,True,
ada13a25-dc77-4cf3-bf5a-6575857aea97,KAZ 449L,7000.0,662778e9-ef6b-4d6e-8a62-620671f0bdaa,False,ebed2404-4068-4d15-849e-75e578bc4e55
3eebfcae-e8b9-4ff5-a9eb-0adf2a595bcc,KCV 134V,10000.0,,True,
1387efac-fee0-4a00-96b8-0505369a1054,KCG 941Q,10000.0,,True,
1868e9a3-6ad3-427c-b8a5-82f7dbde8953,KCR 381A,4000.0,9c1584ee-67e1-4c55-8f3c-d82985ccfa1a,False,73b09398-3137-448a-935d-998901820c41
dd25ce88-057f-4f9c-bf4b-793beb1b5547,KDH 235M,3000.0,3bc7a230-4b35-48e9-a103-5c25cb9db637,False,bab6f582-f960-4933-ba2e-20cfa1a09073
4a8a2be6-9af8-461f-8c42-c8fc026fae8b,KBX 965F,6050.0,6650c672-5a8d-4120-a012-11973de681dc,False,65f663c4-22e2-43d1-9a03-f6ddbec8cdb2
e3fd576c-ea7e-4041-8736-44e8a151030c,KCF 897U,28000.0,,True,
a0e7a427-3900-4c6f-b982-54c047c3b34f,KCA 636M,6000.0,d4956fd9-29c8-49c4-a84e-d5e6dad07be6,False,ebed2404-4068-4d15-849e-75e578bc4e55
209b78ef-5d2e-44c2-afd2-446efa025659,KBE 452V,3850.0,be709a16-5cd9-4c97-b1a0-07b3ff64a7b2,False,ebed2404-4068-4d15-849e-75e578bc4e55
d9192e46-64a1-4d50-8c84-f0969badadc3,KCC 224U,10000.0,,True,
755880f7-7982-4848-a1a1-424e67ef0bb3,KCN 933n,3850.0,4e8383ca-6c31-4e8f-939f-6379eb4afb26,False,67f10a70-7093-47d7-9a5d-17f0f331e584
5f1bfd0e-10b2-46f3-95e3-b4355fbc3d8e,KAA 003A,3000.0,27c5bb1b-2b19-4731-b9fa-87f27d303ead,False,bab6f582-f960-4933-ba2e-20cfa1a09073
17c6e143-553a-4d33-be41-4701cb89bb49,KCR 793U,2000.0,b62103c2-732c-4e4a-9d52-f924b90ee5f9,False,3bf331c8-653a-4837-a3b4-db1f8bc99531
72663edf-90cb-4fc4-9da7-e32377daf1a4,KBF 181J,3500.0,ce2b2b3b-39ce-482f-bbe0-4858c09028b0,False,f80fee38-9a1a-4191-90f5-153687255446
1d7e6098-624f-4277-be66-9e286db1404d,KCV 605R,6000.0,d4956fd9-29c8-49c4-a84e-d5e6dad07be6,False,ebed2404-4068-4d15-849e-75e578bc4e55
9693147a-c454-4ea1-b55b-6a399c007636,KDG 419F,5000.0,95e538a3-a232-4a80-9419-fa575d0de857,False,67f10a70-7093-47d7-9a5d-17f0f331e584
f4900e2d-735d-4c5a-b92b-a5174ff3424e,KDH 186Z,2500.0,,False,
d8f24c1f-a449-4539-b837-853b84d07e9a,KBU 074Z,2000.0,e82413f7-9823-4f5d-83c8-0ff13c03b4f2,False,67f10a70-7093-47d7-9a5d-17f0f331e584
e18a7cdb-8b6f-480f-a72d-cf3de9abbfb2,KCD 471K,10000.0,,True,
f4276296-6cf2-435a-ac41-d96dd8c30794,KCK 416G,10000.0,,True,
24498776-21bf-4de5-880c-eb33a004db4f,KCR 063K,28000.0,,True,
17e4098a-3805-42fc-bf96-1e3b3cfbd260,KCX 077S,4950.0,5d0febbd-a9e3-4857-bd77-6706e6f44362,False,67f10a70-7093-47d7-9a5d-17f0f331e584
9206622d-0de2-446b-89ba-7e4187e7ca74,KBT 106E,3850.0,148f8c6b-2d1e-4684-87cd-71b439b46440,False,bab6f582-f960-4933-ba2e-20cfa1a09073
74565d9a-4479-41e2-9920-fb05d39bfc97,KBF 521U,2500.0,a3c4d7e9-b7b9-494b-904c-40feec7fb90a,False,bdc9719c-5f6b-42e6-b89b-a37e15635b35
9722128c-c64b-4a99-a074-487713a4ec81,KAV 024S,3500.0,77aa4768-810d-4c2b-8b1e-7d802401e336,False,f718def1-1fd1-4bfb-8f89-fb37d5bd2be8
37b3fbbf-026f-4631-9499-a088ee6f9415,KAA 006A,3500.0,4daf2e68-7fb3-41e3-a898-67cbff78774a,False,702ac963-e29f-4a52-adb3-fd03adef8fc9
f3fd828b-75f8-4e40-b890-7a6722d8967c,KDW 123W,10000.0,,True,
edf9bf42-a0f9-46f2-9f5e-ad94d2809818,KDJ 117D,5000.0,54f0d22d-fcbf-4f53-8470-81b7e2ba2152,False,2da4f36b-0634-4616-8649-c74f1b7f9ae6
5b783156-588b-41dc-b865-8741274361ad,KCA 772U,3880.0,89d6b8a5-f194-4890-a69f-5046aa7c1016,False,67f10a70-7093-47d7-9a5d-17f0f331e584
749e7d31-bd6e-4598-a917-375187bcc22c,KDA 740N,2850.0,87869af0-9413-4b0d-bdbd-e376a938bbc2,False,bdc9719c-5f6b-42e6-b89b-a37e15635b35
0abed460-1908-4275-9b47-2477eb44fc87,KCC 924N,5500.0,7bb8f200-13b3-43fd-ae21-81b981584b2b,False,db01133e-0d9c-4898-8812-320f02883291
85274c50-2f65-4e5c-b848-1604304bd94d,KDD 235y,12000.0,644556bd-5d78-4d67-9b2c-525c6bb11f5f,False,f718def1-1fd1-4bfb-8f89-fb37d5bd2be8
dc8a1a5e-8068-46bd-8f1d-f8eaba550c25,KDD 288Y,4500.0,cc53ea42-12b2-441c-9417-1facd6e59e26,True,790ee6ba-e7d5-4743-ac10-e88636792a60
f2294f48-85e8-489a-ad05-9ea278b96796,KCA 199B,10000.0,,True,
d6fe865f-86a7-4f54-82b1-238c2b0ca09c,KBR 547P,3850.0,21bf95d8-275d-4a56-904d-9864b87bed0c,False,21ee323a-6149-4310-908e-74a72cd6cb09
ae653069-246c-4f2b-80a0-9ca2caf9cccc,KDL 256f,4500.0,a4a42b8d-a290-4fe2-b228-1c639227da93,True,65f663c4-22e2-43d1-9a03-f6ddbec8cdb2
8be4de0a-f1e8-4f56-8713-cc463a630e52,KDG 330Y,5500.0,67fd6b10-68c8-48fd-bf70-0ba07be45e55,False,65f663c4-22e2-43d1-9a03-f6ddbec8cdb2
fe5f08d3-03af-4499-a818-1995c2cd1bf6,KDC 171y,5000.0,6a9cfdbb-6da0-4a76-a28d-40121cce78bb,False,ebed2404-4068-4d15-849e-75e578bc4e55
25d84259-f107-4d36-a9fa-76c2c99561bb,KAX 488P,10000.0,,True,
19c1a728-e175-4917-bb25-b366033a2cb0,KCS 091S,3500.0,89d6b8a5-f194-4890-a69f-5046aa7c1016,False,67f10a70-7093-47d7-9a5d-17f0f331e584
9119fc9d-5c7d-4e4e-b0db-3eede7830ae4,KCV 235V,4000.0,67fd6b10-68c8-48fd-bf70-0ba07be45e55,False,65f663c4-22e2-43d1-9a03-f6ddbec8cdb2
34bb3cc5-f500-4606-baab-9c1d511ea3b0,KAP 231R,2750.0,58346854-846d-4eb8-b550-7974a704a183,False,db01133e-0d9c-4898-8812-320f02883291
60d029a3-e5d9-4dc9-98de-394a5fee238a,KBR 548B,3500.0,644556bd-5d78-4d67-9b2c-525c6bb11f5f,False,f718def1-1fd1-4bfb-8f89-fb37d5bd2be8
b91a8903-a76c-4c33-8257-b43370f2e4a8,KCT 779W,3500.0,e65b0f01-e0e2-407d-8d95-ef5f54e44fef,False,f718def1-1fd1-4bfb-8f89-fb37d5bd2be8
81ab426b-24c2-41df-82f5-2556caee79e7,UBL 595Z,3500.0,34582fa1-ca60-4135-8000-5109f5bcf8a2,False,964e854f-07df-4cdb-b87c-2d16391f724c
476fdf1e-20a9-417f-8c4a-b2d3ef499eac,UBG 589U,3500.0,f3ac8d1b-900c-43ec-a075-32b1e9a57388,False,964e854f-07df-4cdb-b87c-2d16391f724c
bc65a529-29a3-4889-a4da-0b0bbe682acb,KBP 348N,3000.0,54f0d22d-fcbf-4f53-8470-81b7e2ba2152,False,2da4f36b-0634-4616-8649-c74f1b7f9ae6
d73fe3ea-de3e-4158-9741-a59405152932,KCN 316G,5000.0,4dd70fe1-ce95-4cbe-9cf1-d9167c0d28fa,False,db01133e-0d9c-4898-8812-320f02883291
a07355c3-bcf3-4b37-94a3-2e1deb02e617,KCC 771S,5000.0,95e538a3-a232-4a80-9419-fa575d0de857,False,67f10a70-7093-47d7-9a5d-17f0f331e584
082f6c1e-ce85-4c46-b7a3-4a5200f449d4,KCX 955L,5000.0,1002e77b-80ca-4b56-952d-581512362491,False,db01133e-0d9c-4898-8812-320f02883291
b15d5c43-5f1a-46ea-b2ab-a664429cd31e,KDB 773A,3000.0,edee8ea7-b7b9-4f64-b71b-48b7496b5a81,False,bdc9719c-5f6b-42e6-b89b-a37e15635b35
07fb4f5f-26b6-42f8-acb9-3760a2fc5d9e,KCR 398A,4500.0,6f4d202c-3421-483e-9b0b-53f59c5c5e2a,False,67f10a70-7093-47d7-9a5d-17f0f331e584
b5813412-8363-405c-8d09-b97666c6c5b9,KCA 997M,6000.0,2c3d618a-c018-44a3-ad03-905667cab539,False,f80fee38-9a1a-4191-90f5-153687255446
4e8fb17a-d327-48de-9c73-20a8b4ba5962,KCT 145M,3500.0,9893d81f-df1e-49a9-a0d4-0a5016e00e0f,False,f718def1-1fd1-4bfb-8f89-fb37d5bd2be8
7bc01499-0b80-490e-9bf2-41949abdd3fe,KDG 110J,10000.0,,False,
1072db4d-738c-4b70-8e59-3aac3fd5209b,KCK 795M,5000.0,5d0febbd-a9e3-4857-bd77-6706e6f44362,False,67f10a70-7093-47d7-9a5d-17f0f331e584
e5c8c954-b1da-4582-9ab0-30ee09c55e6b,KCJ 574K,3500.0,1bcaf053-f568-491d-9902-5e7c649a3987,False,f8b13926-9745-4158-a3ab-492e31a3f23a
54e42db3-543c-4f66-a36d-767e9dd223eb,KBJ 693R,3500.0,4f87d3fa-208f-4cb6-9e99-2713aecd8e09,False,790ee6ba-e7d5-4743-ac10-e88636792a60
faaf95e5-13df-45d8-a1d9-1d85b9e456d0,KBL 589D,4950.0,37b26b39-09b2-4b25-aec8-50e073b2c3ff,False,f718def1-1fd1-4bfb-8f89-fb37d5bd2be8
116230f6-01df-4dd0-bf27-49bd8d4d1267,KAZ 332Z,28000.0,,False,
19e754e4-ed25-495b-a49b-bc906bf77e5a,KCP 056J,2750.0,f70c8ef2-5b0a-4aed-82ab-c233eefde338,False,f718def1-1fd1-4bfb-8f89-fb37d5bd2be8
47133464-e1bc-472d-9478-959e77fd1346,KBE 078V,3500.0,b64fc5cb-e6d4-467a-b7d7-2a89f4ea7546,False,f80fee38-9a1a-4191-90f5-153687255446
cabe7057-40c7-4128-a59c-ff5edecf87bb,KCR 076H,5500.0,797c46c0-a6fc-44ac-974e-eb19a85ff683,False,bdc9719c-5f6b-42e6-b89b-a37e15635b35
ed85d35b-7f03-4ac3-85a9-c568b9df2833,KBZ 360k,7000.0,2a13244e-6d77-4f72-9e5d-b67b4bc9d14d,False,65f663c4-22e2-43d1-9a03-f6ddbec8cdb2
d2cddce0-3a8a-4496-8ec7-a725ce804a49,KBT 247U,10000.0,,True,
18f11970-c801-4e9a-a63c-202706042429,KCF 613L,3500.0,eb02da92-1ee8-4e84-86fe-a9f4b42b21fb,False,2da4f36b-0634-4616-8649-c74f1b7f9ae6
9a0e0093-1e00-4977-a95a-3130f5afc669,KDE 016u,15000.0,9de070ba-aee0-4688-bdc2-4ac9427a5ee5,False,f718def1-1fd1-4bfb-8f89-fb37d5bd2be8
bd7f0cca-bebc-499f-ba68-100c7003a537,KDB 774B,3000.0,0ac677dd-a5c4-4562-a7db-9ffab1102a25,False,bdc9719c-5f6b-42e6-b89b-a37e15635b35
fbef4dd1-530e-4c3c-823a-3213ed2feca5,KCN 933N,3000.0,4e8383ca-6c31-4e8f-939f-6379eb4afb26,False,67f10a70-7093-47d7-9a5d-17f0f331e584
99d01403-aa66-4a13-bd76-ba9c0d1fe252,KDG 866S,3000.0,8241bfaf-206a-4ca5-b9dc-5af2baf9a2fa,False,5b2d745a-c125-432c-93ca-fb629957e2d4
910c3d82-e0ed-4316-846c-91dd6f82ec6a,KCD 841M,5500.0,b26254ef-ab22-4c03-81f0-f219e94f395d,False,fc40a266-519a-409f-a66c-f991a724ae90
6a3f899c-2223-4de5-8df7-a6af32e61d33,KCZ 144A,10000.0,,True,
c5e11c1b-e930-4de3-8ee0-0ba822b1d88c,KAU 065L,4000.0,fc39aa9f-28a7-4ce0-ae9e-ac8d7b45df2c,False,ebed2404-4068-4d15-849e-75e578bc4e55
2e0f1330-65e7-4096-b27c-9013fe780bb6,KDH 560E,5500.0,6cd31a04-8552-4ef8-a3b6-1aec42cbf2b7,False,9ec232d6-0ae6-4673-a91e-e95bbf910350
e56232bc-5371-4663-bacd-8b8b3c6c3f01,KCX 095A,3000.0,70c63b85-cd1c-4e5c-9b49-d42cc6e19fc9,False,bab6f582-f960-4933-ba2e-20cfa1a09073
b433d211-fbad-4b8b-b454-aaa71d3e52e9,KCD 229J,5000.0,8aa096dd-f639-43e8-b34f-8a20dc3ff0e2,False,21ee323a-6149-4310-908e-74a72cd6cb09
18b33e9f-1ef6-431f-8404-087346d1abc2,KCT 431P,5500.0,49a0a162-80d7-43d2-b428-31017bf4330e,False,5b2d745a-c125-432c-93ca-fb629957e2d4
f7a2832b-7a58-4342-910a-405e6e37e023,KDB 051k,2500.0,8241bfaf-206a-4ca5-b9dc-5af2baf9a2fa,True,5b2d745a-c125-432c-93ca-fb629957e2d4
34e40ca5-96a9-4cab-8884-5ba5ef5fbbe1,KDB 302R,3000.0,7c24a15d-10cd-48e0-a939-f9704f02058d,False,f80fee38-9a1a-4191-90f5-153687255446
894a1e95-46f2-4d3e-9db3-f08aa2a2c90d,KAU 241V,15000.0,,True,
6526c301-51f8-4a20-bee0-1bc4a3505e2b,KCR 836U,2000.0,ae9b4255-f8dc-4802-bc62-a29404091f64,False,3bf331c8-653a-4837-a3b4-db1f8bc99531
3a0654c6-b5ae-4d20-a8c8-2e266929b3b3,UBK 206U,3500.0,66a6bbae-8df7-4303-aa83-34bdf57b62ae,False,964e854f-07df-4cdb-b87c-2d16391f724c
b9f9a9a2-1260-4237-8ec2-d7d854d81e42,KDJ 102U,3500.0,148f8c6b-2d1e-4684-87cd-71b439b46440,False,bab6f582-f960-4933-ba2e-20cfa1a09073
2dff7f9f-02c6-46cd-8ed6-0dd4a56cbd24,KCJ 088T,6000.0,f8e6cdbe-8bea-4a90-bb47-24282fd37e61,False,6c8821b8-655f-4851-81cd-5ee0dfbdc9a7
efaf7cf9-7d73-4a60-b6ab-d92840494370,KCW 023Z,4000.0,2e179fd0-4b0b-4342-b938-732c71efd593,False,790ee6ba-e7d5-4743-ac10-e88636792a60
f921fae3-cdfb-4781-ab52-9ac79e048506,KCS 916W,3850.0,5d0febbd-a9e3-4857-bd77-6706e6f44362,False,67f10a70-7093-47d7-9a5d-17f0f331e584
3e224b43-053e-482d-b79b-7bdb1ace0cf6,KCW 021Z,3000.0,7aead0f3-cef4-42c1-ba36-be6d3fcd7688,False,ebed2404-4068-4d15-849e-75e578bc4e55
6a7ad62e-1c8e-4a4d-9645-1bcdca3e0a54,KDB 084S,2000.0,1edeff41-5bdb-4f7c-9647-7b873abe26e1,False,f80fee38-9a1a-4191-90f5-153687255446
e5a79b44-f290-4093-93e7-c02c6bc0bb69,KCJ 179R,3850.0,f6c0d941-bf97-405a-bf6b-71256c335dcb,False,67f10a70-7093-47d7-9a5d-17f0f331e584
513d5158-e158-4862-9190-0280c5aab8b5,KBS 913T,3500.0,a10d52f3-84bb-40a5-80a6-26adf3e61711,False,9ec232d6-0ae6-4673-a91e-e95bbf910350
e430ecd7-0732-4226-9f77-50d6359b680f,KCY 141R,3500.0,46bf1db0-2f02-4873-8c6a-6ad0c68a5469,False,f8b13926-9745-4158-a3ab-492e31a3f23a
ffc5bbb7-3f65-45d9-903d-efcb3398f0fd,KDA 608v,3500.0,1f01ed41-efdd-47d8-a9e1-aae3e8f95884,False,67f10a70-7093-47d7-9a5d-17f0f331e584
50f9c07b-7921-4b07-9bb9-8e6df988f39d,KCH 659B,2750.0,6f4d202c-3421-483e-9b0b-53f59c5c5e2a,False,67f10a70-7093-47d7-9a5d-17f0f331e584
1c0fc4d6-952f-45e9-b39a-7f725ab8fd9f,KCZ 393L,3500.0,f760752d-79fe-442a-b2c1-322af4e5e422,False,bab6f582-f960-4933-ba2e-20cfa1a09073
aefea534-4c8c-4bbc-a038-9953d9fe7313,KCK 735S,3500.0,c467d8cb-b507-4f5b-ae15-dc967b4a60d0,False,9ec232d6-0ae6-4673-a91e-e95bbf910350
684dc805-a32a-47f8-b205-b13cce30b84e,KCC 307Z,5000.0,627fa004-2201-4209-afb0-48f6d17233c7,False,a8e26433-727f-4088-b18a-2ce2a4c79793
c8e96e49-583a-4a9f-baa2-bca6d3ab24bc,KCD 649z,3850.0,6c2a29a7-5f77-4d25-a5df-72ecb2333849,False,67f10a70-7093-47d7-9a5d-17f0f331e584
a2d1e268-192b-405e-85fd-3021002a7ad6,KCJ 404Q,13000.0,,False,
ecc8e852-65b7-449c-aa30-44932a192c1c,KCA 636A,6000.0,d4956fd9-29c8-49c4-a84e-d5e6dad07be6,False,ebed2404-4068-4d15-849e-75e578bc4e55
4311bbef-aa97-47f6-9b12-53bd01fdfbe0,KBZ 146E,2000.0,e82413f7-9823-4f5d-83c8-0ff13c03b4f2,False,67f10a70-7093-47d7-9a5d-17f0f331e584
3b4340de-a30d-418e-af9a-1f9a7a76eade,KCZ 257n,3500.0,659259c1-288f-4634-95d6-2a78e6b64372,False,db01133e-0d9c-4898-8812-320f02883291
1ba1ed21-99fb-4c55-b7c7-93c1e954bfd9,KDG 170L,5500.0,cc53ea42-12b2-441c-9417-1facd6e59e26,False,790ee6ba-e7d5-4743-ac10-e88636792a60
f1003ca2-5764-406d-afb3-e95173ed65f2,KCR 397A,3500.0,f6c0d941-bf97-405a-bf6b-71256c335dcb,False,67f10a70-7093-47d7-9a5d-17f0f331e584
8ee321a6-a068-44d5-9b57-4405677ae817,UBM 295S,3000.0,f3c60eba-a564-4675-950b-ae585ef55bc3,False,964e854f-07df-4cdb-b87c-2d16391f724c
82b78981-e42d-45b9-9094-b3a72d2f12dd,KCZ 735S,2500.0,9a2f96af-937a-4f22-a523-175e2bbcea2e,False,bdc9719c-5f6b-42e6-b89b-a37e15635b35
bec69236-7f24-412d-b787-4a3e303fb4cf,KBW 246C,4950.0,75b5af5a-5f35-472a-a9c6-4dd50b43850f,False,bab6f582-f960-4933-ba2e-20cfa1a09073
9f851e64-66d7-464c-9b5d-9c65d9a42468,KDJ 178U,8000.0,a532f203-da12-4e58-883a-8f9a1d3b45bd,False,2da4f36b-0634-4616-8649-c74f1b7f9ae6
ff63b2aa-0ebf-4697-a92b-aa45fcd194b0,KCR 800U,2750.0,cb98bcf6-040a-4e00-964c-e0c9692588e8,False,db01133e-0d9c-4898-8812-320f02883291
2550101d-4d21-424e-a3cf-2c7c46a8d8b2,KBE 532P,10000.0,,True,
322183b0-8c97-4542-bea4-00891e2b0585,KCL 205L,10000.0,,False,
da6e065c-95a0-4a21-8ec7-6b9fb0b2dc7e,KDG 098P,6000.0,5ee6a28b-54bc-44ae-b8d6-b5fb6d6d91f3,False,db01133e-0d9c-4898-8812-320f02883291
9d5e9b53-193c-4c25-98cf-d19ad31ad184,KDD 150J,2500.0,3beb9e97-76e2-4d6c-9d3d-277370381f75,True,67f10a70-7093-47d7-9a5d-17f0f331e584
e031a8d2-b843-4485-a60e-9fc49c2272da,UBF 187T,3500.0,1038f782-115f-4390-99c3-bf9bac884223,False,964e854f-07df-4cdb-b87c-2d16391f724c
5d16d846-3a50-41da-96ee-bd14a516e4a6,KBP 637X,6000.0,6a9cfdbb-6da0-4a76-a28d-40121cce78bb,False,ebed2404-4068-4d15-849e-75e578bc4e55
a4c2c723-d09b-4f3f-9d77-59a0664f5b0f,KCY 042Y,4500.0,da74cef1-d78e-483a-89a5-514acf867182,True,21ee323a-6149-4310-908e-74a72cd6cb09
fabd3136-291b-4836-aabe-417d40cd8cd1,KCG 349X,5500.0,a0aa190d-c886-481b-b73b-59ccb5d36d34,False,67f10a70-7093-47d7-9a5d-17f0f331e584
11cb24a0-698e-44eb-9e32-b4699f13c8fd,KCT 156N,10000.0,,False,
b32c9d08-11ed-420b-844e-3da981ff7bbc,KCG 477G,5500.0,,True,
2fff7885-ff47-41d3-ac18-c77677db515f,KBU 255Z,10000.0,,True,
93c50703-f05d-4c38-8cac-ba45f1b32272,KBX 578N,5000.0,6c7a24a9-925c-468d-b106-19ecbe23e04c,False,ebed2404-4068-4d15-849e-75e578bc4e55
f705825b-37ef-457a-80f3-a1919a9b30f0,KDC 563Y,3500.0,4e8383ca-6c31-4e8f-939f-6379eb4afb26,False,67f10a70-7093-47d7-9a5d-17f0f331e584
c24b9855-ebb9-44f0-b97e-1a22475a428e,KCG 671F,5000.0,cc53ea42-12b2-441c-9417-1facd6e59e26,False,790ee6ba-e7d5-4743-ac10-e88636792a60
8b69848f-49d1-4607-b714-0f3a0d30cdb3,KAA 121T,1000.0,4835cd9a-2886-41f5-ba9a-471ef0e0aa22,False,5b533901-0623-4f78-bace-9f677c1f459b
86f7771c-bc4b-4009-8e65-c53f83f8f405,KDB 053D,3500.0,fe8056e5-11b4-4c3c-9883-caded08ad812,False,bab6f582-f960-4933-ba2e-20cfa1a09073
d0ad770c-fdc5-4780-913b-96a430e1a089,KAZ 909B,15000.0,,True,
2d825b2d-6b73-448d-913c-e020fb231a4a,KCD 637S,3500.0,148f8c6b-2d1e-4684-87cd-71b439b46440,False,bab6f582-f960-4933-ba2e-20cfa1a09073
6a20975c-e09c-47f2-bc50-f1859a86c2c0,KCW 833S,6000.0,2bc68658-8279-4bb8-b5d5-d02a20d1ac57,False,f80fee38-9a1a-4191-90f5-153687255446
4ffe201f-0a0a-4a09-96a4-c5ce166eebe6,KBG 142V,28000.0,,True,
8fca9b8a-8495-4ab5-afae-047eb4464696,KAA 005A,3500.0,67b59e74-61b5-4788-9fea-23f13b557888,False,bab6f582-f960-4933-ba2e-20cfa1a09073
49918c09-8675-43d4-a776-d93ba5024468,KCM 957L,5000.0,4f87d3fa-208f-4cb6-9e99-2713aecd8e09,False,790ee6ba-e7d5-4743-ac10-e88636792a60
577509e8-601c-443a-921d-d02086166031,KDB 451D,4500.0,cef6382d-a82d-4ced-be1a-f8c50f20e5ca,False,bab6f582-f960-4933-ba2e-20cfa1a09073
30262d6a-bf6f-4298-b902-4a260ce87825,KCY 163L,10000.0,,True,
378547a2-adb1-4cde-9fc3-b11ee4a3b011,KDA 983N,3850.0,35495848-eede-42e7-820c-a1ccaae67705,False,bdc9719c-5f6b-42e6-b89b-a37e15635b35
05dbe18e-2849-453b-96a1-d88b15ea7b9c,KBT 706E,3500.0,27c5bb1b-2b19-4731-b9fa-87f27d303ead,False,bab6f582-f960-4933-ba2e-20cfa1a09073
b5db8cda-9d8e-4596-bb1a-b6f0c64ed025,KcV 605R,5500.0,d183d751-718b-4938-80b7-f13883674439,False,5b2d745a-c125-432c-93ca-fb629957e2d4
33ea8f1d-b25e-42ae-92d5-065cd30b9eef,KCF 032V,10000.0,4b817b06-dd65-48d1-8b77-1e0320895c31,False,73b09398-3137-448a-935d-998901820c41
c8619b70-8bb9-42bc-a261-83792a7d2c10,KDG 296P,3500.0,d178368c-4986-4b54-bec5-fea9d76a4da0,False,bab6f582-f960-4933-ba2e-20cfa1a09073
72ff316e-4044-4126-af82-ab24e2915888,KBJ 422K,3850.0,797c46c0-a6fc-44ac-974e-eb19a85ff683,False,bdc9719c-5f6b-42e6-b89b-a37e15635b35
38b7347d-d89d-43ed-9138-14f1b0c32386,KDB 250Z,7000.0,ce2b2b3b-39ce-482f-bbe0-4858c09028b0,False,f80fee38-9a1a-4191-90f5-153687255446
e682dad9-ba75-41b4-b117-45418b7e792b,KDB 226L,5000.0,08b2bccd-e7c0-46d4-9beb-746ad7cd6de7,False,f80fee38-9a1a-4191-90f5-153687255446
ea4d97fc-62a2-401a-9d0e-49c4fc6bcc76,KDH 212F,3500.0,ec914969-efd9-46ef-b272-7d0a0ee76730,False,f8b13926-9745-4158-a3ab-492e31a3f23a
7c18256e-adcb-4b51-ac95-702469c5c04d,KDJ 176U,5000.0,85127729-ee1e-420e-9469-28dfeb2942ac,False,db01133e-0d9c-4898-8812-320f02883291
2e93de8b-05d6-4fb3-8dde-cf23d489ebee,KAR 742M,10000.0,,True,
a7a5af6b-1044-4e6a-89d7-d6270107a2e9,KBU 790N,3500.0,111daf57-cc2c-4c25-a6be-7f0b9c7ba412,False,f718def1-1fd1-4bfb-8f89-fb37d5bd2be8
099e0c8d-f936-43a3-9bf9-dfa216a5755a,KDH 213F,5000.0,76702653-23de-4370-b7ff-e5aafaee24a6,False,ebed2404-4068-4d15-849e-75e578bc4e55
7b81225c-8396-4f25-b442-b1fc37d2f66b,KCV 614r,5500.0,51264b3c-d33f-4bc1-8037-d9108c6c2564,False,db01133e-0d9c-4898-8812-320f02883291
bf2b1f20-e991-4bc5-acc0-d24804441064,KCH 314V,3850.0,21bf95d8-275d-4a56-904d-9864b87bed0c,False,21ee323a-6149-4310-908e-74a72cd6cb09
18596d22-39db-4100-a1d5-91c661f3b909,KCU 410A,3850.0,ff86f294-0279-4359-9e94-2d979faafd30,False,6e97782e-7619-492b-be1d-648ad708361c
a3da722f-6d81-400d-b61b-f82b6bd97d28,KBT 944A,10000.0,,True,
100afc3b-fd30-41dd-a87e-4378c8de42ba,KDG 964T,7000.0,e82413f7-9823-4f5d-83c8-0ff13c03b4f2,False,67f10a70-7093-47d7-9a5d-17f0f331e584
255de840-0ced-4387-a797-c554e1d0c82e,KDC 455L,10000.0,,True,
82a1a0ca-75d2-4061-8654-dcfab2fd2a57,KCV 243S,3000.0,fe8056e5-11b4-4c3c-9883-caded08ad812,False,bab6f582-f960-4933-ba2e-20cfa1a09073
e2717579-5800-4efb-9ac5-5cb30ff630f8,KCA 870Z,6000.0,cc53ea42-12b2-441c-9417-1facd6e59e26,False,790ee6ba-e7d5-4743-ac10-e88636792a60
87000487-c092-4217-9fab-cb6fd0a84332,KCY 019U,10000.0,,True,
34c1d207-9b1e-4898-812a-76c39f195744,KCD 015Y,2800.0,70c63b85-cd1c-4e5c-9b49-d42cc6e19fc9,False,bab6f582-f960-4933-ba2e-20cfa1a09073
480ffcca-796f-4645-8b85-184ad5cc27c1,KBZ 324H,10000.0,f807f4ed-568c-4d3d-8a0d-e29ceadd7f00,False,36aab551-1b63-4794-a827-d58b95d16556
4ad01f1a-2fa8-406d-900a-c48ee45decea,KAG 927R,3000.0,3572e844-f1bd-46bc-b748-720404c94119,False,bab6f582-f960-4933-ba2e-20cfa1a09073
fd31e30e-211d-439e-b149-35cab2876685,KCC 808E,10000.0,,True,
f947ed21-ca20-4261-a6cc-7de99d85ec33,KBT 145M,3850.0,88771b7b-aba1-45a0-9006-6f92dc253b35,False,702ac963-e29f-4a52-adb3-fd03adef8fc9
36fe23b7-b85f-4dd4-88ac-79bf6d2c1b15,KDK 404Q,4500.0,67fd6b10-68c8-48fd-bf70-0ba07be45e55,True,65f663c4-22e2-43d1-9a03-f6ddbec8cdb2
969a8a49-56dd-43f4-b7cb-d89224026b3b,KCR 839U,2000.0,0b477464-2778-481f-a153-b91b2e6db813,False,5b2d745a-c125-432c-93ca-fb629957e2d4
f5b898de-0dff-415d-b77d-5b467d8753c7,KBP 734P,10000.0,,True,
a8110e5a-27a3-4bed-b99d-dd0efe6849ef,KCD 649Z,3850.0,cb98bcf6-040a-4e00-964c-e0c9692588e8,False,db01133e-0d9c-4898-8812-320f02883291
0b405c22-0bd3-4754-a6b8-cc7201ef0560,KCR 005P,28000.0,,True,
a2b9f3d8-3650-47e3-b436-3f15771f10ab,KDL 019Z,5000.0,b64fc5cb-e6d4-467a-b7d7-2a89f4ea7546,False,f80fee38-9a1a-4191-90f5-153687255446
27e62f53-5a50-45d7-95c3-94fed094de4c,KAQ 018P,4000.0,4451f4a8-1872-4490-953d-d7042ff18735,False,f718def1-1fd1-4bfb-8f89-fb37d5bd2be8
8a180332-f5cc-4c91-9ea7-9bdc2e196d24,KBN 320N,3500.0,a153b9a0-e018-4389-9f66-c2f6799a8aaa,False,f718def1-1fd1-4bfb-8f89-fb37d5bd2be8
47e5a66e-f9ff-43c2-8369-059efcc4e4af,KCU 831Z,7000.0,be709a16-5cd9-4c97-b1a0-07b3ff64a7b2,False,ebed2404-4068-4d15-849e-75e578bc4e55
beb1074a-c900-48e9-aa64-57173fa77092,KBY 776V,3850.0,361537d4-fe12-4101-bd0c-35d7b57a96b6,False,67f10a70-7093-47d7-9a5d-17f0f331e584
0b217a68-3db1-43c4-9f1a-7c0f9a98f999,KBD 867U,5500.0,0b477464-2778-481f-a153-b91b2e6db813,False,5b2d745a-c125-432c-93ca-fb629957e2d4
2076f2d4-de71-44f2-b7a3-fe15abb91d97,KCY 548G,2000.0,b4687c24-adfb-4df2-8e1d-f255bc811b5d,False,bab6f582-f960-4933-ba2e-20cfa1a09073
de4ab20e-9946-4b03-9760-0e6a61e633bb,KBS 181J,3500.0,2bc68658-8279-4bb8-b5d5-d02a20d1ac57,False,f80fee38-9a1a-4191-90f5-153687255446
7e7f78bc-15a3-494c-b241-e09f1589db01,KCE 960Q,10000.0,,True,
f7261ad9-b160-420e-bc43-13f24be7149e,KCG 408W,10000.0,,True,
f67a15a5-e0f9-4ee3-bbc5-59b93c7480eb,KBX 320s,4500.0,e82413f7-9823-4f5d-83c8-0ff13c03b4f2,False,67f10a70-7093-47d7-9a5d-17f0f331e584
51f8eada-5ecc-4796-a34f-6af6b1c6aeed,KBU 790M,3500.0,361537d4-fe12-4101-bd0c-35d7b57a96b6,False,67f10a70-7093-47d7-9a5d-17f0f331e584
9774d5d1-2f5a-43ee-9697-87a4cc4318d6,KDM 296N,5000.0,1af5573b-2a80-44b7-a1d7-d54196bff007,False,5b2d745a-c125-432c-93ca-fb629957e2d4
a1bbcc52-a038-4a17-9bf0-9b6b595b28a4,KCK 597Y,10000.0,,True,
0db193ae-226a-4713-9bee-adb1090d0111,KBV 132R,2000.0,d884f50e-eb44-4525-a66a-e27e91a40bf5,False,bab6f582-f960-4933-ba2e-20cfa1a09073
839d04c3-0d69-435f-8623-a5e65e190bc1,KCZ 257N,3850.0,7bb8f200-13b3-43fd-ae21-81b981584b2b,False,db01133e-0d9c-4898-8812-320f02883291
2f566eed-e1ae-46e9-8607-ab4239f95389,KDD 582C,3500.0,e08eddc0-0846-4d50-ab08-a96486c3861a,False,21ee323a-6149-4310-908e-74a72cd6cb09
04c8c499-0b5a-418e-8eda-9bdbd175f73f,KCX 144S,3500.0,fe8056e5-11b4-4c3c-9883-caded08ad812,False,bab6f582-f960-4933-ba2e-20cfa1a09073
dcac0fa9-50b9-4140-83a0-3a7ca7d3eb65,KBT 141T,6000.0,6a9cfdbb-6da0-4a76-a28d-40121cce78bb,False,ebed2404-4068-4d15-849e-75e578bc4e55
ef58120b-3fd7-4c1c-af03-2d57a5e56be4,kch 797h,3000.0,ce2b2b3b-39ce-482f-bbe0-4858c09028b0,False,f80fee38-9a1a-4191-90f5-153687255446
1f451b1f-fbbd-4af3-83b3-978afdb7fa2e,KbQ 094R,4000.0,be709a16-5cd9-4c97-b1a0-07b3ff64a7b2,False,ebed2404-4068-4d15-849e-75e578bc4e55
c5071e96-90cf-4e3d-b201-703f594c9367,KCQ 794W,3850.0,cc53ea42-12b2-441c-9417-1facd6e59e26,False,790ee6ba-e7d5-4743-ac10-e88636792a60
cde222f0-04ac-4688-ae96-361051589515,KCQ 092X,3000.0,31ffd508-de1f-40e6-b417-d043f6027c56,False,6e97782e-7619-492b-be1d-648ad708361c
c319c2b6-c4f5-4e44-bbdf-e65cddb876d0,KCC 185H,5500.0,743d404e-d082-4bcd-b88c-772c49a5d526,False,bab6f582-f960-4933-ba2e-20cfa1a09073
e8f69fd9-2ec1-45fd-accd-4c905fddc081,KBN 096H,28000.0,,True,
84459d3e-7219-48c8-ad34-61c07f5ceeaa,KBN 434N,3500.0,a10d52f3-84bb-40a5-80a6-26adf3e61711,False,9ec232d6-0ae6-4673-a91e-e95bbf910350
1c37a721-3d0c-4258-b4a7-b43a23538678,KBE 462P,3500.0,be709a16-5cd9-4c97-b1a0-07b3ff64a7b2,False,ebed2404-4068-4d15-849e-75e578bc4e55
6ed941da-8198-45fc-8e42-297c1a5308ec,KBU 102W,5000.0,46b95569-7e4f-4251-9693-3d6d3685e826,False,790ee6ba-e7d5-4743-ac10-e88636792a60
1a0eef86-2cd2-44a3-975f-f8e671c58900,KCJ 046N,5000.0,bb89c358-5388-411d-8016-fe9735817131,False,fc40a266-519a-409f-a66c-f991a724ae90
9ed474b1-23cd-458d-87d8-9b23ae8834e6,KBZ 351H,3500.0,b81634ee-7222-439f-ad45-24e330b8837e,False,790ee6ba-e7d5-4743-ac10-e88636792a60
4c82a360-8aee-4151-b17e-324ff3b42cff,KDD 051J,2500.0,b81634ee-7222-439f-ad45-24e330b8837e,False,790ee6ba-e7d5-4743-ac10-e88636792a60
cf21bbe5-57dd-43a3-8890-0227b26652d7,KBX 305q,3850.0,6c2a29a7-5f77-4d25-a5df-72ecb2333849,False,67f10a70-7093-47d7-9a5d-17f0f331e584
acd4db26-4a4a-46da-850a-5e1c12f09bf2,KAR 223E,20000.0,4b817b06-dd65-48d1-8b77-1e0320895c31,False,73b09398-3137-448a-935d-998901820c41
03f593e5-4649-4657-9296-480e1c635a54,KCM 715Y,2500.0,88f615ac-26fc-4090-8662-e4c7df779023,False,db01133e-0d9c-4898-8812-320f02883291
941c7ebf-0792-426c-9ca7-5c48a33249a7,KAZ 331Z,28000.0,,True,
550d25eb-8cc5-4068-a38b-a472c75cfd4b,KCC 854S,3850.0,f848c5d2-ebf5-4c40-9383-4bbf7c9f8b02,False,2da4f36b-0634-4616-8649-c74f1b7f9ae6
6fe60bc7-d01d-4c44-81c8-bf9bdace5353,KCJ 291u,2000.0,dfe88d77-d858-47aa-9862-a6338fa79dd9,False,36aab551-1b63-4794-a827-d58b95d16556
d3ddd265-e36a-4e5e-8f34-5463a81df9a1,KCS 091Z,4950.0,95e538a3-a232-4a80-9419-fa575d0de857,False,67f10a70-7093-47d7-9a5d-17f0f331e584
5e57391a-eed4-45e6-80c2-e05451cc145e,KCH 316V,3500.0,e65b0f01-e0e2-407d-8d95-ef5f54e44fef,False,f718def1-1fd1-4bfb-8f89-fb37d5bd2be8
bd9684a0-3add-4aaa-ae24-a5cafa34a65a,KBW 679B,3000.0,a6648784-f04c-4e3b-b649-1f6daab1d8c7,False,f80fee38-9a1a-4191-90f5-153687255446
aa4ea12f-dad3-4df6-be26-e960979df6c5,KDA 693B,7000.0,c467d8cb-b507-4f5b-ae15-dc967b4a60d0,False,9ec232d6-0ae6-4673-a91e-e95bbf910350
7638306b-3b38-49d7-9616-0f729ee520a9,KCS 835J,3850.0,70c63b85-cd1c-4e5c-9b49-d42cc6e19fc9,False,bab6f582-f960-4933-ba2e-20cfa1a09073
88a470ee-56fa-45a3-9042-dd9e17405d7e,KCR 816H,3000.0,d999c856-a2e9-4563-826c-b06027be365b,False,2da4f36b-0634-4616-8649-c74f1b7f9ae6
8577e20d-2006-4737-9999-d83977dd4463,KCR 722Y,3500.0,2111c2ff-db23-4ba8-82e4-40efb374d6ac,False,fc40a266-519a-409f-a66c-f991a724ae90
bb557200-ff49-442b-a942-d275f0e6ee62,KBR 154L,5000.0,184e6594-2289-40cc-8ee5-8a82f2b65bce,False,3259d09a-a825-4e53-ab3f-657d1c415eb0
cfd5485d-b5c1-4257-8bce-4a046f5226d4,KCX 497U,7000.0,c7ea5699-b584-4c90-b5fd-8dc1887bad6e,False,f8b13926-9745-4158-a3ab-492e31a3f23a
7dd364a2-3ab6-4446-913a-de8aaa964e48,KBZ 306Z,3500.0,40e76b4d-3360-4e12-9dd4-718796bcfc3b,False,21ee323a-6149-4310-908e-74a72cd6cb09
71e86f7d-e0e8-4113-a785-425a3ec271d5,KCJ 517k,4000.0,3472b97d-77b6-4859-804f-5d18e7becbc0,False,2da4f36b-0634-4616-8649-c74f1b7f9ae6
912bc969-4dde-465b-8331-9c97a0f27c23,KCV 599R,4000.0,21bf95d8-275d-4a56-904d-9864b87bed0c,False,21ee323a-6149-4310-908e-74a72cd6cb09
3b5180a8-33f6-48ba-a27e-d5bd52dafeb2,KCX 041D,3500.0,361537d4-fe12-4101-bd0c-35d7b57a96b6,False,67f10a70-7093-47d7-9a5d-17f0f331e584
c7ed7d0c-9203-4348-b531-3ad594bdbe90,KCT 099W,8250.0,f8e6cdbe-8bea-4a90-bb47-24282fd37e61,False,6c8821b8-655f-4851-81cd-5ee0dfbdc9a7
56e90970-4038-4f55-a684-b73f59b43280,KBQ 924J,3500.0,46bf1db0-2f02-4873-8c6a-6ad0c68a5469,False,f8b13926-9745-4158-a3ab-492e31a3f23a
95b71d9f-13e0-415b-b81d-e916304bfb0d,KDA 682Q,2500.0,9de070ba-aee0-4688-bdc2-4ac9427a5ee5,False,f718def1-1fd1-4bfb-8f89-fb37d5bd2be8
2f03b633-dde8-45c4-b0b7-28d069972201,KBW 084E,3500.0,184e6594-2289-40cc-8ee5-8a82f2b65bce,False,3259d09a-a825-4e53-ab3f-657d1c415eb0
e8ccb155-659d-4030-aa9a-fc71a712caa0,KAA 001S,3500.0,bae681b0-aeb9-47bc-8b16-f9823fe8889c,False,287570cb-a2d0-4bb8-bede-11ad462bc65a
c30daf55-5ed4-4916-8272-2bc363b61b81,KBW 710x,3500.0,9893d81f-df1e-49a9-a0d4-0a5016e00e0f,False,f718def1-1fd1-4bfb-8f89-fb37d5bd2be8
e446f79d-d8d5-43b9-945f-bd5b0fb757c1,KCC 869Q,3000.0,844e7c02-569f-4572-bb58-e4a0c8bfd6ad,False,f718def1-1fd1-4bfb-8f89-fb37d5bd2be8
34e47513-44f6-4384-ab0d-1d90ab791ef6,kCU 236D,3850.0,63738e51-d524-4445-96d7-a048aa99f2ea,False,f718def1-1fd1-4bfb-8f89-fb37d5bd2be8
d3483b58-1aae-47c3-ad8f-3e823925d86e,KCE 445E,2500.0,a6648784-f04c-4e3b-b649-1f6daab1d8c7,False,f80fee38-9a1a-4191-90f5-153687255446
548a6c5c-1402-4e55-92c0-bc6f8671af1f,KCD 694Z,3500.0,7aead0f3-cef4-42c1-ba36-be6d3fcd7688,False,ebed2404-4068-4d15-849e-75e578bc4e55
4a441056-e506-414a-8cba-f575be1b2184,KBV 118H,3000.0,148f8c6b-2d1e-4684-87cd-71b439b46440,False,bab6f582-f960-4933-ba2e-20cfa1a09073
1c009ce3-f9e9-453b-aa8b-08d55119f334,KCC 945N,2000.0,d884f50e-eb44-4525-a66a-e27e91a40bf5,False,bab6f582-f960-4933-ba2e-20cfa1a09073
9435e9bb-d8ae-48a6-9d79-c2a254887de7,KCT 553Z,7000.0,d183d751-718b-4938-80b7-f13883674439,False,5b2d745a-c125-432c-93ca-fb629957e2d4
dcbc8a0c-e437-4a1e-a755-a5ef3cc19f5d,KCY 427Y,4500.0,781c7064-a4b3-4d12-a296-f3e71728e922,True,2da4f36b-0634-4616-8649-c74f1b7f9ae6
b4a1c890-6ae6-488f-bdb0-199eaec765e5,KCV 221Q,4000.0,3472b97d-77b6-4859-804f-5d18e7becbc0,False,2da4f36b-0634-4616-8649-c74f1b7f9ae6
23b22157-07ac-464f-8c8f-7a19af304560,KDD 651D,6000.0,cc53ea42-12b2-441c-9417-1facd6e59e26,False,790ee6ba-e7d5-4743-ac10-e88636792a60
d7f7e53b-d325-48bb-8fcb-d2c40ebf5486,KCD 159A,10000.0,,False,
dab17e0b-81aa-482a-aea6-8c993ec45c9f,KCL 205J,10000.0,,True,
6bb22284-9c3e-4e81-a3e0-839964f3ba00,KCT 776L,3500.0,1f01ed41-efdd-47d8-a9e1-aae3e8f95884,False,67f10a70-7093-47d7-9a5d-17f0f331e584
383da35e-c2c4-4451-8c95-47e5b9cc94e6,KCC 146Y,3500.0,5bdbbcb7-88d5-4e33-968c-93f4bcbc10e8,False,2da4f36b-0634-4616-8649-c74f1b7f9ae6
67a3a047-a1e0-46c3-9cf9-e1a9149c6c36,KCZ 253Z,3250.0,32bb1577-9bc2-42ce-ae26-7c606228a3be,False,db01133e-0d9c-4898-8812-320f02883291
1fdb9398-339a-4ffd-af47-51dde1bf05de,KBN 824K,6000.0,21bf95d8-275d-4a56-904d-9864b87bed0c,False,21ee323a-6149-4310-908e-74a72cd6cb09
bfd37670-6599-4de9-bcf8-aa5bd948351b,KDG 278J,10000.0,,True,
36ceadc4-1920-46a7-9f28-db767c9c9390,KDJ 301L,4000.0,a075b64b-3018-4760-9deb-c5c165cf4db1,False,bab6f582-f960-4933-ba2e-20cfa1a09073
45e795ff-6336-475f-ac05-b06c55bf58a8,KZZ 002A,5000.0,ae4e0f3f-52c3-485a-84bc-e789e2557143,False,6f1740ea-39cd-4313-ac5d-a34bbc031924
072eb0d4-6a8f-4f85-a596-15a145b4c955,KCA 302Z,6500.0,211b0b2d-ad7b-450f-b4a1-f0cea56d887b,False,5b2d745a-c125-432c-93ca-fb629957e2d4
4afd51ef-0d6e-4ec8-9d65-2d912f4cb508,KDC 335L,7000.0,cc53ea42-12b2-441c-9417-1facd6e59e26,False,790ee6ba-e7d5-4743-ac10-e88636792a60
2f53b7ac-2ed9-402c-b7a8-af1b4d35a8a3,KCD 454Q,7000.0,7e3d57fb-f1cd-4918-a3d7-0bb271e9d4c7,False,fc40a266-519a-409f-a66c-f991a724ae90
4dc7271e-04be-45ad-a8be-0fc5b6482e52,KCM 716A,3500.0,7e3d57fb-f1cd-4918-a3d7-0bb271e9d4c7,False,fc40a266-519a-409f-a66c-f991a724ae90
70ac4070-458b-4cee-87e9-2e56b75022f4,KCH 027B,2000.0,a153b9a0-e018-4389-9f66-c2f6799a8aaa,False,f718def1-1fd1-4bfb-8f89-fb37d5bd2be8
1e761b4e-56b6-42e4-9372-e692d03e01a4,KCC 480Z,10000.0,,True,
48908abf-ece8-49b1-b49d-c8de864b012c,KCR 795U,10000.0,,False,21ee323a-6149-4310-908e-74a72cd6cb09
dacb206b-ba76-484e-9b18-25ef43b2be04,KCN 948r,3850.0,32bb1577-9bc2-42ce-ae26-7c606228a3be,False,db01133e-0d9c-4898-8812-320f02883291
3e24f552-7c32-4073-a5ad-9af97c7b6b64,KCU 139V,5000.0,be3557d6-7d12-4a10-a406-191541374e18,False,ebed2404-4068-4d15-849e-75e578bc4e55
d9d406b0-7bd0-4ba9-8c6d-dbe1b807faed,KAP 045R,15000.0,,True,
aac9b676-5ed1-4074-b071-58d499a0d7c0,KCZ 051J,3850.0,3e293bd9-cd84-4f30-a9be-d59d3b19ea7c,False,2da4f36b-0634-4616-8649-c74f1b7f9ae6
5ee192ea-c141-46ca-9739-e64cd04b11f4,KDC 563x,3500.0,b26254ef-ab22-4c03-81f0-f219e94f395d,False,fc40a266-519a-409f-a66c-f991a724ae90
29ab4d5e-440a-4bf0-bc86-799b1207a817,KDB 143R,5000.0,5e6687f8-f29a-4f19-b7dc-d946540b2706,False,65f663c4-22e2-43d1-9a03-f6ddbec8cdb2
0af3d8ec-affa-4b85-b489-9086bcfad5cb,KDA 162X,4500.0,5782caa9-f00f-40f3-baa1-16112d9d7c0c,False,65f663c4-22e2-43d1-9a03-f6ddbec8cdb2
4e1b80d3-0ea9-4cc7-b698-3ccb2cd4eca5,KDG 776T,4500.0,6c7a24a9-925c-468d-b106-19ecbe23e04c,True,ebed2404-4068-4d15-849e-75e578bc4e55
ee1617f8-c213-4d80-8f02-8da04dbf08a5,KcU 831h,5500.0,3472b97d-77b6-4859-804f-5d18e7becbc0,False,2da4f36b-0634-4616-8649-c74f1b7f9ae6
1d619a29-e1b6-4d55-bd9f-d64f781e6b2e,KCQ 404Y,9000.0,9a2ebe1d-5889-4dad-96d8-8bd8da7f5bed,False,287570cb-a2d0-4bb8-bede-11ad462bc65a
aa95782e-2599-4fab-a6e2-6c3ca4b4903a,KDB 750W,6000.0,8a4d5834-2671-4339-a1b6-3f0466e445fd,False,5b2d745a-c125-432c-93ca-fb629957e2d4
daa6c0ae-2283-4f02-901c-25eea66f994e,KAU 927S,5000.0,cb98bcf6-040a-4e00-964c-e0c9692588e8,False,db01133e-0d9c-4898-8812-320f02883291
415d1994-ac1c-4f02-b6d3-9610361fd3ae,KCS 789P,7000.0,a4a42b8d-a290-4fe2-b228-1c639227da93,False,65f663c4-22e2-43d1-9a03-f6ddbec8cdb2
a3105875-f6b8-457e-b00b-e6c4a794f82d,KDH 905F,3500.0,7de42390-2002-412f-acf9-90a33e2b0010,False,bdc9719c-5f6b-42e6-b89b-a37e15635b35
9aecb50b-285f-4b18-a194-76a2c915cf83,KCZ 094l,3500.0,f6c0d941-bf97-405a-bf6b-71256c335dcb,False,67f10a70-7093-47d7-9a5d-17f0f331e584
1f34045a-6eb9-4b67-ae35-ce1d42869338,KBM 027K,10000.0,,True,
32badf3e-dc27-4a3c-a402-2bf19b8e2280,KBV 235k,5000.0,cd318fe6-b8ba-49d3-bda6-40361f55de57,False,5b2d745a-c125-432c-93ca-fb629957e2d4
752d4495-98fa-463a-ba35-768b76aa8445,KBZ 342H,3000.0,cc53ea42-12b2-441c-9417-1facd6e59e26,False,790ee6ba-e7d5-4743-ac10-e88636792a60
f7fe64d6-e065-4430-9264-4be7303973b5,KCX 428Z,3500.0,f760752d-79fe-442a-b2c1-322af4e5e422,False,bab6f582-f960-4933-ba2e-20cfa1a09073
bd26eacb-787f-4897-8aab-3c0b9f682eb7,KCZ 591D,3000.0,b64fc5cb-e6d4-467a-b7d7-2a89f4ea7546,False,f80fee38-9a1a-4191-90f5-153687255446
bc8bf36f-d076-440f-8b38-2dc5383aac4e,KCQ 160Y,2000.0,f8e6cdbe-8bea-4a90-bb47-24282fd37e61,False,6c8821b8-655f-4851-81cd-5ee0dfbdc9a7
3e85f854-f141-424c-9025-08d6e6769f57,KBA 581H,6000.0,662778e9-ef6b-4d6e-8a62-620671f0bdaa,False,ebed2404-4068-4d15-849e-75e578bc4e55
c880eb11-138b-4f56-a2be-d1b98526a874,KCK 152C,4950.0,b81634ee-7222-439f-ad45-24e330b8837e,False,790ee6ba-e7d5-4743-ac10-e88636792a60
5cc77b58-75a7-4266-a9d1-4961ffa1da0c,KDA 269G,4500.0,0a72b0a9-3f7c-4bec-94fd-a8b222e1d3f3,False,bab6f582-f960-4933-ba2e-20cfa1a09073
5f3ca25f-89f8-4944-a91c-857c98a9023e,KCF 505Z,5000.0,68f5950e-3a8e-4823-8849-f982a91e9a63,False,5b2d745a-c125-432c-93ca-fb629957e2d4
826150a2-d438-46fe-bde9-52568058e52f,KCV 605r,5000.0,d4956fd9-29c8-49c4-a84e-d5e6dad07be6,False,ebed2404-4068-4d15-849e-75e578bc4e55
3f157622-774f-4596-8757-b197a319b45a,KBF 619N,10000.0,,True,
56b38f27-d7ad-469f-b2cf-1d61a8b110ed,KCR 381a,4500.0,58346854-846d-4eb8-b550-7974a704a183,True,db01133e-0d9c-4898-8812-320f02883291
f53ba1b6-d6a0-4adc-9871-3839a6c843c3,KCE 310C,3000.0,ce2b2b3b-39ce-482f-bbe0-4858c09028b0,False,f80fee38-9a1a-4191-90f5-153687255446
9cbc4045-3b06-4ce9-939c-17bfe107cf81,KCR 379A,3000.0,a532f203-da12-4e58-883a-8f9a1d3b45bd,False,2da4f36b-0634-4616-8649-c74f1b7f9ae6
735dc36d-0571-4f4e-b107-dc607f92c2a1,KCY 501H,3850.0,d999c856-a2e9-4563-826c-b06027be365b,False,2da4f36b-0634-4616-8649-c74f1b7f9ae6
25ffde8a-a609-4cbb-8319-972cdb2fb0a8,KDC 039X,10000.0,,True,
1d764d20-7fa2-4125-bdc9-8edff15525da,KCS 289U,6000.0,4451f4a8-1872-4490-953d-d7042ff18735,False,f718def1-1fd1-4bfb-8f89-fb37d5bd2be8
9a1fa2ac-300a-4582-b7a5-5aa909636d8e,KCC 942N,6000.0,3472b97d-77b6-4859-804f-5d18e7becbc0,False,2da4f36b-0634-4616-8649-c74f1b7f9ae6
49bf73a1-6c23-4135-82be-54c6380bd5cd,KBL 670U,3000.0,f61308cd-0ca5-4159-8df0-abb82a62bb23,False,6fbe0a9a-f523-4bce-a12f-a98b9bec32ab
4803e321-330a-4afa-93d2-696500ff85a3,KDD 071F,10000.0,,False,
17415e62-da44-4356-a5c5-ce13399e037e,KBX 594E,5000.0,41b02039-c0b3-4476-8e64-bcb48f517e65,False,21ee323a-6149-4310-908e-74a72cd6cb09
b2d905d8-b1e5-407c-99a5-326b3ae16bf2,KCC 242y,4000.0,5522718a-2ada-4bbb-bc67-5b92f2c526b9,False,3259d09a-a825-4e53-ab3f-657d1c415eb0
14f36fc1-f0d2-45ce-a2ab-5b5fadbc2680,KCX 021W,4000.0,f848c5d2-ebf5-4c40-9383-4bbf7c9f8b02,False,2da4f36b-0634-4616-8649-c74f1b7f9ae6
733b7948-4ce1-44df-90af-35e2230a1a61,KBP 266Z,2500.0,f8837758-1155-412c-b389-29395ab6fac6,False,702ac963-e29f-4a52-adb3-fd03adef8fc9
eff26bc8-1f7a-4b2e-85a7-cc9ad53d6d72,KCC 061A,6000.0,7d324dbc-be7d-43d2-a676-e5b583e108f1,False,f718def1-1fd1-4bfb-8f89-fb37d5bd2be8
e4a15ce7-d815-4178-913f-de62d624c374,KCF 492T,10000.0,,True,
b4c0db85-9bee-4bd1-b184-727bf7d39a58,KDE 523W,4000.0,2051cff4-d59c-438d-8bc7-9d5db4208e00,False,9ec232d6-0ae6-4673-a91e-e95bbf910350
f4a2ea10-9b2e-48b4-bd60-2a27773c54d7,KCG 834M,10000.0,,True,
78573c80-3835-447c-a909-319b63c12ca7,KDH 612G,5000.0,4451f4a8-1872-4490-953d-d7042ff18735,False,f718def1-1fd1-4bfb-8f89-fb37d5bd2be8
3d61854f-1470-4dbb-85c5-e14dd2707bc4,KCZ 078A,10000.0,,True,
620b04b4-67ef-49de-b4cf-a0dc271aa197,KDJ 646X,4500.0,75b5af5a-5f35-472a-a9c6-4dd50b43850f,False,bab6f582-f960-4933-ba2e-20cfa1a09073
279e07d0-5ba7-4c57-8dd9-f4443b15a4a3,KCQ 719Y,8000.0,4c2cad0f-1672-4ad7-a915-c94f5e8424ca,False,ebed2404-4068-4d15-849e-75e578bc4e55
72596ef1-667b-4476-b786-34103d174d88,KNF 345G,3800.0,4835cd9a-2886-41f5-ba9a-471ef0e0aa22,False,5b533901-0623-4f78-bace-9f677c1f459b
411a4fee-ddbf-4353-9b73-ef961386149a,KAK 868A,15000.0,,True,
15ef1628-52a1-4a11-872f-7081a44528fd,KCY 224U,10000.0,,True,
244e9135-e1dc-4b20-8aa2-430eac56d201,KCD 644S,3500.0,d884f50e-eb44-4525-a66a-e27e91a40bf5,False,bab6f582-f960-4933-ba2e-20cfa1a09073
860fe67c-a1a2-4989-b1c0-9fa46b268da3,KCG 880D,5000.0,66008fa3-723c-401e-bb0a-d31e54472146,False,790ee6ba-e7d5-4743-ac10-e88636792a60
5fb20cb4-5d22-4e05-b93a-319739ee3fd4,KcR 397A,3500.0,5d0febbd-a9e3-4857-bd77-6706e6f44362,False,67f10a70-7093-47d7-9a5d-17f0f331e584
43ad5d63-f282-48cc-b33c-c4d85381a813,KCF 773C,2500.0,4451f4a8-1872-4490-953d-d7042ff18735,False,f718def1-1fd1-4bfb-8f89-fb37d5bd2be8
8e4e6caf-a5cb-419a-b830-fa999a10298d,KCB 123A,10000.0,,True,
5fac8d39-2da5-4315-8bab-07cb35bd631c,KDE 958S,4000.0,cef6382d-a82d-4ced-be1a-f8c50f20e5ca,False,bab6f582-f960-4933-ba2e-20cfa1a09073
d413823c-1c86-4486-b362-7391f0c65397,KCS 042Y,12000.0,f848c5d2-ebf5-4c40-9383-4bbf7c9f8b02,False,2da4f36b-0634-4616-8649-c74f1b7f9ae6
a602600c-68a9-4928-81b3-5e9708e00b76,KCU 177Y,5000.0,51264b3c-d33f-4bc1-8037-d9108c6c2564,False,db01133e-0d9c-4898-8812-320f02883291
6b5f253e-895a-484f-ba9c-fdac5969d0e2,KCQ 900A,3800.0,4835cd9a-2886-41f5-ba9a-471ef0e0aa22,False,5b533901-0623-4f78-bace-9f677c1f459b
fed48c94-bb0a-4e45-808a-380a4d63352a,KCE 049C,3500.0,a3c4d7e9-b7b9-494b-904c-40feec7fb90a,False,bdc9719c-5f6b-42e6-b89b-a37e15635b35
1e8e9768-38be-4301-a1c8-9fcf67fe7d97,KCQ 095V,10000.0,,True,
470c4cdf-fbe7-4124-b9cc-f3ec5f2603f0,KCM 385C,3000.0,a6648784-f04c-4e3b-b649-1f6daab1d8c7,False,f80fee38-9a1a-4191-90f5-153687255446
a4e32e21-20be-4681-a333-e6f908888aa0,KCU 177y,5000.0,0ecfa030-8f5f-40cd-b4d5-f7527196b4b9,False,db01133e-0d9c-4898-8812-320f02883291
9edfe032-a674-4b1a-9aee-382f85b978ab,KCC 874S,10000.0,,False,
17da7ea7-6d3a-4acf-88bf-3bb41e301735,KDC 264S,10000.0,,True,
5b314c9c-b9bd-4220-8603-b46140ff3693,KDH 102J,10000.0,,True,
d84b6443-92b1-4e10-bf3c-fb4f12f021b4,KCM 422Y,5000.0,5e6687f8-f29a-4f19-b7dc-d946540b2706,False,65f663c4-22e2-43d1-9a03-f6ddbec8cdb2
08575367-3846-404e-ade3-0cbe62c8b67c,KCA 545V,3800.0,4835cd9a-2886-41f5-ba9a-471ef0e0aa22,False,5b533901-0623-4f78-bace-9f677c1f459b
6675a38e-e90c-48be-ab8d-eba8c4e8e281,KCZ 376V,5000.0,09d246ef-29b3-41c6-a723-e542554091e6,False,65f663c4-22e2-43d1-9a03-f6ddbec8cdb2
5da9815f-e75a-4559-98ef-714382b85922,KDC 386P,3500.0,c6c5282f-d5bb-4be8-9e83-5c367d6b7d2a,False,bdc9719c-5f6b-42e6-b89b-a37e15635b35
264cb8f9-c0ad-4692-9acf-6b22dd83fa06,KBK 876U,3000.0,27c5bb1b-2b19-4731-b9fa-87f27d303ead,False,bab6f582-f960-4933-ba2e-20cfa1a09073
465aefcd-e3e3-49ee-9a20-12b8c3d68847,UBK 478D,3500.0,1038f782-115f-4390-99c3-bf9bac884223,False,964e854f-07df-4cdb-b87c-2d16391f724c
2389c137-04d8-498c-ad58-40c3ed01ee96,KBP 717B,6000.0,4e8383ca-6c31-4e8f-939f-6379eb4afb26,False,67f10a70-7093-47d7-9a5d-17f0f331e584
d9bd61fd-b6e3-4327-8b9e-aebd10055a3a,KCX 214C,4500.0,66008fa3-723c-401e-bb0a-d31e54472146,False,790ee6ba-e7d5-4743-ac10-e88636792a60
d07ceed8-0e0d-4d3c-a5da-8ca5a114320a,KCK 880K,10000.0,,False,
a0052796-fb0f-4040-9ea5-6c8ffe40f461,KCW 515E,10000.0,,True,
786fccf7-cfb9-45df-a0d3-6f0b9ffcb1a8,KDB 880G,5000.0,f70c8ef2-5b0a-4aed-82ab-c233eefde338,False,f718def1-1fd1-4bfb-8f89-fb37d5bd2be8
0786f899-b7fd-4fa5-9889-75f46a5e4c2f,KCR 790U,2000.0,09d246ef-29b3-41c6-a723-e542554091e6,False,65f663c4-22e2-43d1-9a03-f6ddbec8cdb2
8990edfb-1766-4ad3-b69f-ffcb9b266a33,KCR 385A,5000.0,1af5573b-2a80-44b7-a1d7-d54196bff007,False,5b2d745a-c125-432c-93ca-fb629957e2d4
02af56f2-5cce-4a31-9834-12d3710eaa7d,KCA 772Y,50000.0,f807f4ed-568c-4d3d-8a0d-e29ceadd7f00,False,36aab551-1b63-4794-a827-d58b95d16556
5fb11944-5a5f-4951-aed8-7c0df55c4011,KAA 001A,3000.0,70c63b85-cd1c-4e5c-9b49-d42cc6e19fc9,False,bab6f582-f960-4933-ba2e-20cfa1a09073
c8dcea57-6009-43df-84a5-4fa7070ad53c,kcr 384a,4500.0,0ecfa030-8f5f-40cd-b4d5-f7527196b4b9,True,db01133e-0d9c-4898-8812-320f02883291
76691df8-c11d-4b43-8d64-3f1fe04af5bf,KCN 616M,3500.0,be709a16-5cd9-4c97-b1a0-07b3ff64a7b2,False,ebed2404-4068-4d15-849e-75e578bc4e55
08c7e043-6663-4665-89e2-dbebea118f41,KBX 935V,4000.0,63738e51-d524-4445-96d7-a048aa99f2ea,False,f718def1-1fd1-4bfb-8f89-fb37d5bd2be8
ebc2b9d3-73c4-43c1-95e8-33e7d1e395bd,KCS 293M,3500.0,f00f74eb-7d3f-4410-b1d3-0a032f23fff4,False,21ee323a-6149-4310-908e-74a72cd6cb09
d703bb99-aaeb-4891-b95e-c8db45a44c5e,KAZ 809B,15000.0,,True,
1621d02a-a5c0-4b7c-90e9-a59101febce5,KCU 310L,5000.0,ca60e931-d28b-4a3e-9b95-96688270ebaf,False,fc40a266-519a-409f-a66c-f991a724ae90
4d537a14-a7b4-4dc2-8d04-16bcaec6343f,KBJ 522A,28000.0,,False,
0e58a240-e93b-45ec-9352-a95268bfa587,KCQ 162Y,2000.0,20aba757-1c5a-4938-a345-2aaf35877463,False,3bf331c8-653a-4837-a3b4-db1f8bc99531
aae038dd-b294-470c-9b23-f0d14caa8065,KCS 916N,6000.0,21bf95d8-275d-4a56-904d-9864b87bed0c,False,21ee323a-6149-4310-908e-74a72cd6cb09
d83d7bb5-2977-4a20-a968-0b917eb40aa6,KBU 275K,3500.0,cd318fe6-b8ba-49d3-bda6-40361f55de57,False,5b2d745a-c125-432c-93ca-fb629957e2d4
3eb71c19-9f10-476d-85ac-0341fd853b30,KCH 637B,3000.0,ce024432-84d4-496a-a18f-c1693ec7c331,False,3bf331c8-653a-4837-a3b4-db1f8bc99531
1d1ac905-2320-4dcc-b220-90c47ff1576a,KDB 774M,10000.0,,False,
5658a3f5-3aea-44d7-8bc9-44c846acb800,KCP 474U,9500.0,4a10003b-f1ff-4e4a-93ed-30346459b417,False,67f10a70-7093-47d7-9a5d-17f0f331e584
cab3edef-5ca8-4dd7-bcf1-95c83ba03cb7,KBY 198U,3000.0,,False,5b2d745a-c125-432c-93ca-fb629957e2d4
b3c013c1-43a2-4e27-8fe4-556a182f1167,KCY 041F,3850.0,3ab9513e-a694-4ac4-b2ca-73e58592fe48,False,790ee6ba-e7d5-4743-ac10-e88636792a60
51a18a74-3369-464a-8a98-ea82bf7e98be,KCQ 829A,4500.0,2e179fd0-4b0b-4342-b938-732c71efd593,False,790ee6ba-e7d5-4743-ac10-e88636792a60
3e5974a0-317f-4c5f-8bd5-c6d908d2f65f,Kcx 041D,3500.0,361537d4-fe12-4101-bd0c-35d7b57a96b6,False,67f10a70-7093-47d7-9a5d-17f0f331e584
674a3300-ade0-4248-b530-d308b9690b67,KCD 159a,10000.0,63738e51-d524-4445-96d7-a048aa99f2ea,False,f718def1-1fd1-4bfb-8f89-fb37d5bd2be8
f7956f5a-ac17-4c5f-9b72-27b9039b72f5,KBS 238V,10000.0,,True,
ca810a37-ef74-45fd-9685-26df1c282ca1,KCG 158Y,7000.0,5e6687f8-f29a-4f19-b7dc-d946540b2706,False,65f663c4-22e2-43d1-9a03-f6ddbec8cdb2
3171feaa-53f3-40ba-aee5-9c4c88c55421,KCS 742G,2500.0,797c46c0-a6fc-44ac-974e-eb19a85ff683,False,bdc9719c-5f6b-42e6-b89b-a37e15635b35
143507cb-ab60-45cc-a713-86faef974d05,KBS 016T,4500.0,4f87d3fa-208f-4cb6-9e99-2713aecd8e09,True,790ee6ba-e7d5-4743-ac10-e88636792a60
9af11ecd-a7d3-455c-8003-ae51c5897631,KCE 406W,6000.0,a4a42b8d-a290-4fe2-b228-1c639227da93,False,65f663c4-22e2-43d1-9a03-f6ddbec8cdb2
528f1caa-d459-49b9-8f04-a1aa0970cd5d,KDC 452U,7000.0,3beb9e97-76e2-4d6c-9d3d-277370381f75,False,67f10a70-7093-47d7-9a5d-17f0f331e584
40fe8a57-55e7-4066-bdd0-c8ac2c070fc7,KAT 808T,2000.0,f125ff7a-0550-46d2-a873-42491a74e188,False,bdc9719c-5f6b-42e6-b89b-a37e15635b35
6faa6510-2e26-43eb-a175-fab2e0e831b4,KBJ 113R,5500.0,77aa4768-810d-4c2b-8b1e-7d802401e336,False,f718def1-1fd1-4bfb-8f89-fb37d5bd2be8
0cf68927-ca86-43a8-8a43-e0fc877cca20,KDD 369F,10000.0,,True,
487eee6f-f29c-4f72-812e-c44ed2e93b4c,KCH 654B,2000.0,2c3d618a-c018-44a3-ad03-905667cab539,False,f80fee38-9a1a-4191-90f5-153687255446
71cbb261-d63b-4ddf-a86f-f2f6c4ba65a6,KCR 802U,2000.0,1002e77b-80ca-4b56-952d-581512362491,False,db01133e-0d9c-4898-8812-320f02883291
715b3daf-4740-4353-b2be-87941c34ef4b,KBQ 094R,5000.0,40e76b4d-3360-4e12-9dd4-718796bcfc3b,False,21ee323a-6149-4310-908e-74a72cd6cb09
a4add955-c494-4b52-899e-7591b07be766,KAY 414M,1500.0,4a10003b-f1ff-4e4a-93ed-30346459b417,True,67f10a70-7093-47d7-9a5d-17f0f331e584
265cd965-e1fc-4b98-b1cb-42bcac14c3b2,KDG 119X,3500.0,37b26b39-09b2-4b25-aec8-50e073b2c3ff,False,f718def1-1fd1-4bfb-8f89-fb37d5bd2be8
7a209539-e634-41e9-86de-18aaff617f02,KCD 049w,3850.0,f8e6cdbe-8bea-4a90-bb47-24282fd37e61,False,6c8821b8-655f-4851-81cd-5ee0dfbdc9a7
cc056ed0-426a-49a1-bbe7-a56120cbcb65,KDL 273C,6000.0,b81634ee-7222-439f-ad45-24e330b8837e,False,790ee6ba-e7d5-4743-ac10-e88636792a60
b1f151f8-3704-454e-9658-dd76be204d30,KCK 162C,4950.0,b81634ee-7222-439f-ad45-24e330b8837e,False,790ee6ba-e7d5-4743-ac10-e88636792a60
7c3bb097-2ec6-4a87-bf0a-3fdef3c40cab,KDA 316Y,3850.0,ad52851f-7f97-4186-a2e5-f9fae9249948,False,67f10a70-7093-47d7-9a5d-17f0f331e584
689a09bb-f00a-4a44-b0a1-df8ebf17502e,KBJ 009R,15000.0,,True,
ef70209a-f9a4-45ce-8ab9-ca19bdc8965c,KCF 439N,3850.0,32bb1577-9bc2-42ce-ae26-7c606228a3be,False,db01133e-0d9c-4898-8812-320f02883291
107e3eed-32c3-429e-8fff-8894a751ad4d,KAS 123S,2000.0,f61308cd-0ca5-4159-8df0-abb82a62bb23,False,6fbe0a9a-f523-4bce-a12f-a98b9bec32ab
f6667c4a-a311-47d8-b0f8-b0f96431fda5,KCG 817H,2750.0,d884f50e-eb44-4525-a66a-e27e91a40bf5,False,bab6f582-f960-4933-ba2e-20cfa1a09073
9507ed5a-14c0-4fb9-8b63-abbb34ebc394,KCC 131M,3500.0,75b5af5a-5f35-472a-a9c6-4dd50b43850f,False,bab6f582-f960-4933-ba2e-20cfa1a09073
8f3b1e4c-c936-444e-a3cc-621faf23c699,KCR 751D,3000.0,d46e0000-e0fb-4bc4-919a-6e911cf89292,False,fd74587d-932d-40db-a5ee-20a5d1a620c1
0d3bed3c-83ca-4201-9275-8d3ad21e22fe,KCD 380W,6000.0,e26f7e87-5356-4e56-b7aa-5c37cb04635f,False,2da4f36b-0634-4616-8649-c74f1b7f9ae6
267414f6-5317-4238-9705-295924099045,KDD 235Y,10000.0,,True,
674d1ade-4330-4aca-a485-04ddd7c2aaf7,KDD 166Y,7000.0,54f62516-2e94-49b2-a2c4-fd40c844f86c,False,3259d09a-a825-4e53-ab3f-657d1c415eb0
9cefce70-ff68-43d1-9b2a-771b12faa5a6,UBM 789C,3500.0,66a6bbae-8df7-4303-aa83-34bdf57b62ae,False,964e854f-07df-4cdb-b87c-2d16391f724c
f483c8fa-fdc6-4d57-9784-dae6f1298876,KCN 955L,5000.0,37b26b39-09b2-4b25-aec8-50e073b2c3ff,False,f718def1-1fd1-4bfb-8f89-fb37d5bd2be8
6b39a0cf-6864-4086-a25d-b70e36adbc01,KCX 041d,3500.0,361537d4-fe12-4101-bd0c-35d7b57a96b6,False,67f10a70-7093-47d7-9a5d-17f0f331e584
45344d2a-abde-4845-a741-f5fbe73352cc,KDG 246X,10000.0,,True,
cdfa0c4c-551f-42ae-8e66-10b55de68377,KAZ 554S,2750.0,2676099c-2999-4d7f-bad7-c8b601c5693f,False,f718def1-1fd1-4bfb-8f89-fb37d5bd2be8
2afe850e-9ab3-4158-98b3-19e21928bd9a,KCZ 792Y,3500.0,cef6382d-a82d-4ced-be1a-f8c50f20e5ca,False,bab6f582-f960-4933-ba2e-20cfa1a09073
6a2b43d5-3512-4f07-b802-325c5d31aed0,KAV 623Q,6000.0,2676099c-2999-4d7f-bad7-c8b601c5693f,False,f718def1-1fd1-4bfb-8f89-fb37d5bd2be8
2f0f3ce5-a747-4ea9-bd74-9c43085cfb17,KDH 663Q,5000.0,a3723409-31bc-49ee-8b65-a0b67b91e3c4,False,fc40a266-519a-409f-a66c-f991a724ae90
93bdba6c-50c8-440c-8c83-7ddee2451ed0,KAJ 868Z,15000.0,,True,
5a166b25-104f-4b3e-be7b-de90fa9a34ca,KCG 874S,10000.0,,True,
e7a18993-c315-4f12-971d-559e0b0f4eb1,KAK 426L,3000.0,2bc68658-8279-4bb8-b5d5-d02a20d1ac57,False,f80fee38-9a1a-4191-90f5-153687255446
092b7464-e60e-4b1b-8b0a-b41ec1dc3130,KCP 916Q,6000.0,ad52851f-7f97-4186-a2e5-f9fae9249948,False,67f10a70-7093-47d7-9a5d-17f0f331e584
a7858460-7f09-4a2e-a49e-8969020b9acc,KDB 250z,7000.0,8e162a5b-a70d-46d4-ba8b-e14649757164,False,21ee323a-6149-4310-908e-74a72cd6cb09
10e9f658-c524-4736-a7ce-5097012d4be3,KCT 546N,3500.0,76702653-23de-4370-b7ff-e5aafaee24a6,False,ebed2404-4068-4d15-849e-75e578bc4e55
fabcc241-3b75-44ff-a4d6-9f2d958acb2b,KCC 868J,3850.0,5bdbbcb7-88d5-4e33-968c-93f4bcbc10e8,False,2da4f36b-0634-4616-8649-c74f1b7f9ae6
f4376cd7-e057-4231-b85e-0cce58b52d95,KDH 852D,3500.0,3bc7a230-4b35-48e9-a103-5c25cb9db637,False,bab6f582-f960-4933-ba2e-20cfa1a09073
98de0387-9345-4849-b97d-728114ce16cb,KDB 102J,10000.0,,True,
f24b1c56-19fa-4146-8fbb-5e81c40e934e,KCA 772u,6000.0,62790b65-5446-4433-abac-0b4ac0ec9585,False,21ee323a-6149-4310-908e-74a72cd6cb09
8631cf25-ac74-4979-8148-8c41abc8270e,KCG 400K,28000.0,,False,
5b83064a-fb4c-4401-ae58-c7dc2b007fe5,KBY 274U,10000.0,,True,
185912aa-5e81-43bf-9099-8c4df0bda224,KDL 256F,4000.0,644556bd-5d78-4d67-9b2c-525c6bb11f5f,False,f718def1-1fd1-4bfb-8f89-fb37d5bd2be8
0d784fb1-ab7e-41f8-b264-6363e736de4c,KCJ 576K,4950.0,2676099c-2999-4d7f-bad7-c8b601c5693f,False,f718def1-1fd1-4bfb-8f89-fb37d5bd2be8
8383e73d-c5ef-4e15-beb4-0b09630d18c9,KCF 416G,7000.0,4f87d3fa-208f-4cb6-9e99-2713aecd8e09,False,790ee6ba-e7d5-4743-ac10-e88636792a60
1f59a632-5c18-4b64-8c1b-1a83a0bf63b0,KBS 419T,4500.0,b64fc5cb-e6d4-467a-b7d7-2a89f4ea7546,True,f80fee38-9a1a-4191-90f5-153687255446
e7eb7229-00c8-47cb-ada9-524ceadc8da4,KCG 013L,4500.0,b81634ee-7222-439f-ad45-24e330b8837e,True,790ee6ba-e7d5-4743-ac10-e88636792a60
ccb1a79b-ca3d-4d9a-8858-188d55ddd023,KCP 913N,5000.0,fc39aa9f-28a7-4ce0-ae9e-ac8d7b45df2c,False,ebed2404-4068-4d15-849e-75e578bc4e55
8bb3005e-3ed9-45a4-86aa-9d16f8903c6e,KCP 287A,3500.0,f8b14275-7ff4-444b-ab74-2d482ba63400,False,5b2d745a-c125-432c-93ca-fb629957e2d4
61453738-2843-4e26-8006-fbabb8f3c1d0,KAA 637F,3000.0,cef6382d-a82d-4ced-be1a-f8c50f20e5ca,False,bab6f582-f960-4933-ba2e-20cfa1a09073
a612b9de-6a6f-4be9-a00c-5f26908aafb9,KBF 249U,4500.0,8e162a5b-a70d-46d4-ba8b-e14649757164,False,21ee323a-6149-4310-908e-74a72cd6cb09
14d9226e-b5b9-4fe4-a69a-c76a00fbb85d,KCU 718c,3500.0,4c2cad0f-1672-4ad7-a915-c94f5e8424ca,False,ebed2404-4068-4d15-849e-75e578bc4e55
1fb61971-0512-46ec-8588-af57d2926749,KBE 086V,3000.0,1f1a9a88-caa7-45d5-b878-f2f9118a5d1d,False,f80fee38-9a1a-4191-90f5-153687255446
c0efb189-0e58-4f96-aebd-5c28de6b24c4,KCM 130j,7000.0,7d324dbc-be7d-43d2-a676-e5b583e108f1,False,f718def1-1fd1-4bfb-8f89-fb37d5bd2be8
aaa788ae-e6ab-4ad2-8330-e5fae401d3f2,KCX 874E,4950.0,cb98bcf6-040a-4e00-964c-e0c9692588e8,False,db01133e-0d9c-4898-8812-320f02883291
e6037787-7635-4335-a0cd-265d065e27ed,KCX 291P,5000.0,7d324dbc-be7d-43d2-a676-e5b583e108f1,False,f718def1-1fd1-4bfb-8f89-fb37d5bd2be8
72f4a376-1183-4a78-b3b6-57fdc874f41b,KZZ 001A,3500.0,7d4a156b-c669-4c56-b933-49676d3f6b7a,False,287570cb-a2d0-4bb8-bede-11ad462bc65a
8555530d-ea33-4a50-9195-0d6b16a6cd8a,KCZ 253z,3500.0,14a85c48-0d36-4d81-bd65-8b93e24b6a11,False,67f10a70-7093-47d7-9a5d-17f0f331e584
aec18b44-4a8d-46ea-bda7-a4a001f466a9,KDJ 587S,6500.0,14a85c48-0d36-4d81-bd65-8b93e24b6a11,False,67f10a70-7093-47d7-9a5d-17f0f331e584
ec5dacf6-1222-431d-bbf2-c29022ce5423,KCN 933I,5000.0,111daf57-cc2c-4c25-a6be-7f0b9c7ba412,False,f718def1-1fd1-4bfb-8f89-fb37d5bd2be8
ffff2a4d-9b37-4421-9249-d611063b3d5d,KCH 796H,5000.0,91ba2436-8cf3-47ba-9979-e7ff1ff99402,False,5b2d745a-c125-432c-93ca-fb629957e2d4
6f149ea4-2eea-41d9-b012-530760d1d731,kda 142h,7500.0,76702653-23de-4370-b7ff-e5aafaee24a6,False,ebed2404-4068-4d15-849e-75e578bc4e55
56531c5e-449a-4164-a77b-2e9d9b86321b,KDL 268A,5000.0,6df6b35d-fe12-4c80-84ab-5ac841d21bbe,False,790ee6ba-e7d5-4743-ac10-e88636792a60
2011dd13-8aad-44fb-8f96-8179a066fc73,KDD 232V,10000.0,,True,
764d2f3e-09f7-47d3-8aa5-406f76032cb3,KCG 649N,3000.0,e00da6b6-6760-47e5-bb08-ac497e2c749e,False,702ac963-e29f-4a52-adb3-fd03adef8fc9
dc2388a2-33e5-404b-8da9-e8768ae6c57e,KDB 773C,3000.0,1e4dfe87-f6e9-4788-a27f-b6bb85886722,False,bdc9719c-5f6b-42e6-b89b-a37e15635b35
a4e2850c-e945-45d7-84f7-3029b5cb1468,KDH 413A,10000.0,,False,
0d4911ab-8678-491e-b44c-76357dcabc44,KDL 257Q,10000.0,9de070ba-aee0-4688-bdc2-4ac9427a5ee5,False,f718def1-1fd1-4bfb-8f89-fb37d5bd2be8
6ad1ebb4-55d5-412e-b78b-4c15dfe347cd,KCJ 561S,3500.0,743d404e-d082-4bcd-b88c-772c49a5d526,False,bab6f582-f960-4933-ba2e-20cfa1a09073
974040d2-8506-49e8-bb06-94bb733ca8f1,KCD 944N,10000.0,,True,
4c81757b-2ac8-4f66-a3f2-003255c158f6,UBL 224L,3500.0,6a34fe8e-ab10-43a2-a3cb-5c743df03c73,False,964e854f-07df-4cdb-b87c-2d16391f724c
5a1ad822-250e-446b-ba03-477b2fa74601,KCF 651S,3850.0,3e293bd9-cd84-4f30-a9be-d59d3b19ea7c,False,2da4f36b-0634-4616-8649-c74f1b7f9ae6
7a176f3f-e483-4866-9a45-a26d7d012a5b,KCC 242Y,28000.0,,True,
7ea211e3-2aa4-4e84-9ac3-02073d9c32b2,KCY 689U,5000.0,a4a42b8d-a290-4fe2-b228-1c639227da93,False,65f663c4-22e2-43d1-9a03-f6ddbec8cdb2
f84d572b-095d-4aed-8d20-ee9b981c7804,KCP 331C,3500.0,a3c4d7e9-b7b9-494b-904c-40feec7fb90a,False,bdc9719c-5f6b-42e6-b89b-a37e15635b35
680cd2fa-652e-4087-8b82-6f200d00b731,KBW 650D,3500.0,0528c255-bc69-4314-a887-349646421244,False,bdc9719c-5f6b-42e6-b89b-a37e15635b35
5cf4bd1a-e6ee-4448-9d74-55f19ade8249,KDK 324S,4500.0,7d324dbc-be7d-43d2-a676-e5b583e108f1,False,f718def1-1fd1-4bfb-8f89-fb37d5bd2be8
2d41f83a-5009-4a86-afda-f0ff4f436b32,KCR 053X,10000.0,,True,
bab5a319-fef5-4457-868f-3c09077bb8bc,KCR 803U,3000.0,0b477464-2778-481f-a153-b91b2e6db813,False,5b2d745a-c125-432c-93ca-fb629957e2d4
8f5d5181-1dbd-4c5d-ad72-f1898181e07d,KBT 141D,4500.0,2c3d618a-c018-44a3-ad03-905667cab539,True,f80fee38-9a1a-4191-90f5-153687255446
66a8bfb3-81da-4d3b-a001-aff24bcb7887,KCY 039S,5500.0,bb89c358-5388-411d-8016-fe9735817131,False,fc40a266-519a-409f-a66c-f991a724ae90
c68d30be-ca7b-4419-b26c-6e0fd2982697,KBH 534Q,3850.0,1c9cfc41-e3e9-4d1f-b574-c5eb9ee7c123,False,2da4f36b-0634-4616-8649-c74f1b7f9ae6
8e003898-cf22-450b-9d88-6a9dc9124d8d,KCU 273E,4500.0,898372fe-6414-41eb-9988-f02453976f45,True,21ee323a-6149-4310-908e-74a72cd6cb09
eb339a01-fe77-419f-a425-fc28fa6a1224,KDJ 273Q,4000.0,2a13244e-6d77-4f72-9e5d-b67b4bc9d14d,False,65f663c4-22e2-43d1-9a03-f6ddbec8cdb2
48495688-8a7f-4b73-93e0-1491546caa48,KDD 465A,10000.0,,True,
913ceca9-c83e-4f8f-8351-5ee5081d46d2,KCQ 158Y,3000.0,0b477464-2778-481f-a153-b91b2e6db813,False,5b2d745a-c125-432c-93ca-fb629957e2d4
8f40b4c8-e36f-4316-b4ad-a38ce9f67773,KCJ 768X,6000.0,78ef9d61-5eae-4a69-b6d0-7790322d5d41,False,fc40a266-519a-409f-a66c-f991a724ae90
96a359b9-2a18-42e3-8c57-a498c0442a64,KcP 913N,3500.0,be3557d6-7d12-4a10-a406-191541374e18,False,ebed2404-4068-4d15-849e-75e578bc4e55
9724b188-0493-4e60-990d-c9b5cd416a3b,KCR 383A,4500.0,2676099c-2999-4d7f-bad7-c8b601c5693f,True,f718def1-1fd1-4bfb-8f89-fb37d5bd2be8
00fdbf87-89b0-479b-8c33-7521085ee7b0,KBN 058N,3850.0,e82413f7-9823-4f5d-83c8-0ff13c03b4f2,False,67f10a70-7093-47d7-9a5d-17f0f331e584
2f3a126b-1dfa-450d-bca6-3e38e4090358,KCL 309P,4500.0,68f5950e-3a8e-4823-8849-f982a91e9a63,True,5b2d745a-c125-432c-93ca-fb629957e2d4
a3deb199-1920-4f41-983e-5d5144f6a2b1,KCF 436N,3850.0,63738e51-d524-4445-96d7-a048aa99f2ea,False,f718def1-1fd1-4bfb-8f89-fb37d5bd2be8
8328bb81-5613-4012-a16b-cfcacedcc417,KCD 390D,10000.0,,True,
1ecd2e45-67a5-4316-84c4-0bb31f469de4,KDC 043L,10000.0,,True,
3acd577e-2a99-42b1-854c-c7e7324f6223,KDD 184P,10000.0,,True,
84ec8297-db28-43c5-96ab-8654b9304f77,KCQ 648R,4000.0,c0c5fe52-cad7-409c-822d-b29a859c8a2f,False,2da4f36b-0634-4616-8649-c74f1b7f9ae6
a22a8571-98df-44a9-95ea-debba86001a1,UBL 183L,3500.0,f3c60eba-a564-4675-950b-ae585ef55bc3,False,964e854f-07df-4cdb-b87c-2d16391f724c
031472cb-0e63-46f1-8087-77be4d5e500d,KDA 198N,6000.0,41e901de-4225-4016-8710-ec0036fb4bb9,False,ebed2404-4068-4d15-849e-75e578bc4e55
8c3ffece-aad5-4d59-9caa-ba4d8ce90b3e,KDA 035W,8000.0,a4a42b8d-a290-4fe2-b228-1c639227da93,False,65f663c4-22e2-43d1-9a03-f6ddbec8cdb2
8fee6a98-941b-4965-ad49-0e1725d541e0,KDL 045C,6000.0,ca400c53-ca8b-4d8e-bbc1-d14a832a02a7,False,f718def1-1fd1-4bfb-8f89-fb37d5bd2be8
801528e4-f8bd-4a85-be2b-60610b9cf4c0,KCK 175C,3500.0,a10d52f3-84bb-40a5-80a6-26adf3e61711,False,9ec232d6-0ae6-4673-a91e-e95bbf910350
284d30ca-0397-43c6-b98c-2287783a28a2,KCT 459Q,5000.0,f00f74eb-7d3f-4410-b1d3-0a032f23fff4,False,21ee323a-6149-4310-908e-74a72cd6cb09
282a2870-aa8b-4dee-b1ff-2839d4aebedc,KCQ 520W,4500.0,f125ff7a-0550-46d2-a873-42491a74e188,False,bdc9719c-5f6b-42e6-b89b-a37e15635b35
1cc16340-c391-4041-9b5b-bc30a6083130,KCJ 820N,3850.0,1f1a9a88-caa7-45d5-b878-f2f9118a5d1d,False,f80fee38-9a1a-4191-90f5-153687255446
b552e443-5b0b-4790-9ca8-8c5f5560e854,KCZ 431G,3000.0,2291662d-f797-4f90-8abd-60f7093fe0d8,False,702ac963-e29f-4a52-adb3-fd03adef8fc9
e197c326-b1af-4de5-811d-5e3c7da3a7d4,KDJ 166K,5000.0,f848c5d2-ebf5-4c40-9383-4bbf7c9f8b02,False,2da4f36b-0634-4616-8649-c74f1b7f9ae6
ed327c25-336f-415e-8797-d9b7eb698dea,KBS 524K,10000.0,,True,
2aac1eb1-6248-4cb7-ad0d-4e190ce92fd1,KCL 303P,5500.0,1e4dc5a0-0283-4187-a95d-408d312ff8ae,False,702ac963-e29f-4a52-adb3-fd03adef8fc9
be5fc936-cbb7-48fb-99e9-22a44e1e9e83,KCQ 720Y,4500.0,09455434-79c9-42f5-a7a7-c87c236436d2,True,ebed2404-4068-4d15-849e-75e578bc4e55
449fea8b-1796-48f7-9218-d0f741c5b3d0,KCU 973U,4500.0,3ab9513e-a694-4ac4-b2ca-73e58592fe48,False,790ee6ba-e7d5-4743-ac10-e88636792a60
975d16a8-218c-4564-87f8-da0fadf9e4bb,KDE 068Z,10000.0,,True,
4882201d-d9f5-4434-a99d-bae0e20f3d11,KBU 207G,28000.0,,True,
3d8c9ada-c0c9-4c08-ac0c-a73c50c1b8b1,KCX 052K,10000.0,,True,
0bd879d6-9300-4313-b736-259ec5991d2f,KCG 506G,3500.0,3e293bd9-cd84-4f30-a9be-d59d3b19ea7c,False,2da4f36b-0634-4616-8649-c74f1b7f9ae6
b2ae7896-5e51-4b4e-8e86-71a970a50c8f,KDH 140V,4000.0,6a9cfdbb-6da0-4a76-a28d-40121cce78bb,False,ebed2404-4068-4d15-849e-75e578bc4e55
4116e29d-a23d-4eb4-a8c1-8294c7963fee,KCR 794U,2000.0,6dbda08c-65d8-4f00-9adf-a0317ae9e02e,False,3bf331c8-653a-4837-a3b4-db1f8bc99531
942002f7-65be-43ab-97a6-b42bdd3753bd,KAV 085F,3850.0,a532f203-da12-4e58-883a-8f9a1d3b45bd,False,2da4f36b-0634-4616-8649-c74f1b7f9ae6
7cc5ff67-a435-4573-8bf2-e7cbe431e2b1,KCX 160T,4000.0,b64fc5cb-e6d4-467a-b7d7-2a89f4ea7546,False,f80fee38-9a1a-4191-90f5-153687255446
b37d9970-c16b-4a1b-af37-67f05d691107,KBX 320X,3500.0,0de9946e-3f5b-4d78-9b76-1ddb1888b704,False,5b2d745a-c125-432c-93ca-fb629957e2d4
ac090b0d-c572-4377-bc8c-3e778f523264,KCJ 082B,3000.0,88f615ac-26fc-4090-8662-e4c7df779023,False,db01133e-0d9c-4898-8812-320f02883291
9a257762-0b70-4e75-9df7-7c11f4bec6b9,KCY 473C,4000.0,9893d81f-df1e-49a9-a0d4-0a5016e00e0f,False,f718def1-1fd1-4bfb-8f89-fb37d5bd2be8
1044bc75-56f6-4fdf-8686-ceced04e3d43,KCU 662N,7500.0,ae4e0f3f-52c3-485a-84bc-e789e2557143,False,6f1740ea-39cd-4313-ac5d-a34bbc031924
b03bf9eb-416d-4e3a-b01f-60e4a9b055c2,KBV 872U,3500.0,a5bf55db-aaba-44fd-b4d5-d59567ffa2b7,False,702ac963-e29f-4a52-adb3-fd03adef8fc9
7f6f5310-e691-430c-a738-16aa8d7aaf28,KDJ 478Z,5000.0,e26f7e87-5356-4e56-b7aa-5c37cb04635f,False,2da4f36b-0634-4616-8649-c74f1b7f9ae6
1fb936e6-95e7-4c0c-a83e-c807587461e2,KCL 740H,3000.0,bd2d4795-a15c-4796-a5c8-2ceaf56734c9,False,bdc9719c-5f6b-42e6-b89b-a37e15635b35
1ea51cb7-2e31-457d-b06e-be846cd4aac4,KBR 951J,5000.0,60854a1c-a68d-47c2-bc6a-4f14ab161c10,False,65f663c4-22e2-43d1-9a03-f6ddbec8cdb2
3b41ae42-9756-462d-8b45-65d50838e1c6,KDH 293Z,5000.0,36ed0ad7-a24e-45ef-97d6-b643ad4d9095,False,2da4f36b-0634-4616-8649-c74f1b7f9ae6
4c4dbd2a-5b1a-4c34-906f-0c1a9c13fe1d,KCN 948R,3000.0,32bb1577-9bc2-42ce-ae26-7c606228a3be,False,db01133e-0d9c-4898-8812-320f02883291
7bd154e5-3df5-468f-b0af-21bfcb939ef4,KCX 021w,3850.0,4f87d3fa-208f-4cb6-9e99-2713aecd8e09,False,790ee6ba-e7d5-4743-ac10-e88636792a60
d168439c-3c81-42fd-9681-ed7dd931b66e,KBQ 710H,5000.0,2e179fd0-4b0b-4342-b938-732c71efd593,False,790ee6ba-e7d5-4743-ac10-e88636792a60
a4e7780b-c316-4203-9d1a-4c47936dadd5,KBT 069T,3500.0,f760752d-79fe-442a-b2c1-322af4e5e422,False,bab6f582-f960-4933-ba2e-20cfa1a09073
62a83d64-bbe1-4161-90ce-45d7b714b5ed,KcY 141R,6000.0,1af5573b-2a80-44b7-a1d7-d54196bff007,False,5b2d745a-c125-432c-93ca-fb629957e2d4
7eec77fa-a56c-44b4-9240-e4c947be0b14,KBK 633Y,3800.0,cef6382d-a82d-4ced-be1a-f8c50f20e5ca,False,bab6f582-f960-4933-ba2e-20cfa1a09073
6516810f-951b-4a93-be37-8af633533dd3,KDL 165E,8000.0,9cc76e71-0c59-406b-a10b-208609b2bbab,False,f718def1-1fd1-4bfb-8f89-fb37d5bd2be8
7c80a708-3107-4370-9890-acda4fe5f0a3,KCG 689X,2750.0,361537d4-fe12-4101-bd0c-35d7b57a96b6,False,67f10a70-7093-47d7-9a5d-17f0f331e584
a179f9f4-a302-488e-a1af-e5f45a9f7b5d,KDA 791A,3850.0,fc39aa9f-28a7-4ce0-ae9e-ac8d7b45df2c,False,ebed2404-4068-4d15-849e-75e578bc4e55
56917e09-4d64-4e0f-bc7f-5bbab6ad9811,KCP 899l,3500.0,f6c0d941-bf97-405a-bf6b-71256c335dcb,False,67f10a70-7093-47d7-9a5d-17f0f331e584
2180072a-995e-413a-92de-e3b2e9a92abf,KCU 410E,3500.0,9de070ba-aee0-4688-bdc2-4ac9427a5ee5,False,f718def1-1fd1-4bfb-8f89-fb37d5bd2be8
3f36b290-1044-40b8-ba3d-8694b754ffbb,KDL 274D,5000.0,f5cb750d-b5c5-4c3f-8221-a83bbbff3fb7,False,f80fee38-9a1a-4191-90f5-153687255446
09ea7e67-f5de-4b4c-980a-d8cf312b8d25,KDJ 463C,6000.0,51264b3c-d33f-4bc1-8037-d9108c6c2564,False,db01133e-0d9c-4898-8812-320f02883291
b3757e9a-7474-4e76-ba67-0b7e57e9ed64,KCE 159S,28000.0,,True,
42e25232-67d2-475d-aac1-75db36d9638a,KDP 899E,7000.0,49914d3d-c2f6-41e5-bc09-8af190d5f0f5,False,21ee323a-6149-4310-908e-74a72cd6cb09
2058b389-59ea-494f-94f3-af5aeb12dc87,KCP 361P,3000.0,86b2d902-e33e-4c4a-8d26-a657281e26d3,False,bab6f582-f960-4933-ba2e-20cfa1a09073
549b5740-0841-4027-adbc-725c058064a6,KDK 170G,4000.0,0ac677dd-a5c4-4562-a7db-9ffab1102a25,False,bdc9719c-5f6b-42e6-b89b-a37e15635b35
c6b53148-dcbd-4ccc-8f7f-5ae2e0274bd1,KBZ 037t,5000.0,da74cef1-d78e-483a-89a5-514acf867182,False,21ee323a-6149-4310-908e-74a72cd6cb09
69884482-325c-48c3-8ede-75678f1c8596,KCQ 721Y,3850.0,ad52851f-7f97-4186-a2e5-f9fae9249948,False,67f10a70-7093-47d7-9a5d-17f0f331e584
6cf59575-d8ad-4ea0-818a-e993e82f2ea9,KCR 384A,3850.0,1e4dc5a0-0283-4187-a95d-408d312ff8ae,False,702ac963-e29f-4a52-adb3-fd03adef8fc9
5a0214f4-9376-4b45-b6e7-1fd7751d29c8,UBF 644U,3500.0,f3c60eba-a564-4675-950b-ae585ef55bc3,False,964e854f-07df-4cdb-b87c-2d16391f724c
4921c418-e796-44f4-a4cd-9499462f03a4,kcc 868j,3550.0,4451f4a8-1872-4490-953d-d7042ff18735,False,f718def1-1fd1-4bfb-8f89-fb37d5bd2be8
10a652a6-9db4-45c1-877f-ab6d81e21a9d,KDC 992Y,3500.0,5e6687f8-f29a-4f19-b7dc-d946540b2706,False,65f663c4-22e2-43d1-9a03-f6ddbec8cdb2
bdaf7424-2df0-457c-b2c4-b6b6527ed1d2,KBZ 037T,3850.0,2b821c38-4de6-47b6-8593-cae13ffb97c4,False,790ee6ba-e7d5-4743-ac10-e88636792a60
cd97305c-2500-46cb-9bdf-2892395f0149,KBV 235K,3850.0,58346854-846d-4eb8-b550-7974a704a183,False,db01133e-0d9c-4898-8812-320f02883291
3e268176-68b4-419c-9e3b-88ae01792a3a,KDD 705K,5000.0,a153b9a0-e018-4389-9f66-c2f6799a8aaa,False,f718def1-1fd1-4bfb-8f89-fb37d5bd2be8
33b58c20-763e-479a-8661-f776473319c9,KCX 162T,3500.0,0ac677dd-a5c4-4562-a7db-9ffab1102a25,False,bdc9719c-5f6b-42e6-b89b-a37e15635b35
aae2350a-931c-4932-87c3-0b6f5a84449d,KDB 025G,3500.0,cc53ea42-12b2-441c-9417-1facd6e59e26,False,790ee6ba-e7d5-4743-ac10-e88636792a60
5ada79aa-1f97-4b45-89f6-5669a1c65ae8,KAA 002A,3000.0,3572e844-f1bd-46bc-b748-720404c94119,False,bab6f582-f960-4933-ba2e-20cfa1a09073
740f4fe3-2861-474a-a70c-3b992949e99d,KCr 397A,4000.0,0638e859-fa10-46a8-b9c4-90d49e185bd0,False,790ee6ba-e7d5-4743-ac10-e88636792a60
3a18cddd-55d0-48ae-ae69-83ea94afc08b,KBq 292Z,6000.0,09455434-79c9-42f5-a7a7-c87c236436d2,False,ebed2404-4068-4d15-849e-75e578bc4e55
e3043346-d382-40bb-9a77-b64383511c0a,KCG 755G,6000.0,662778e9-ef6b-4d6e-8a62-620671f0bdaa,False,ebed2404-4068-4d15-849e-75e578bc4e55
64cce54b-016d-481b-a52d-355fdf6a17d9,KCR 378A,4500.0,6a9cfdbb-6da0-4a76-a28d-40121cce78bb,True,ebed2404-4068-4d15-849e-75e578bc4e55
bd13bb8c-cc3c-4fc7-a1c6-4ea2d946be4d,KCA 774A,3500.0,184e6594-2289-40cc-8ee5-8a82f2b65bce,False,3259d09a-a825-4e53-ab3f-657d1c415eb0
878acb12-6ec5-4afa-aac0-22db9beb93ab,KAK 200E,5000.0,7aea156a-f9b8-4e13-92f4-483c356d5893,False,5b533901-0623-4f78-bace-9f677c1f459b
d4f09ad7-3a01-47a6-bf76-cc71559eafb3,KCP 899L,2500.0,f6c0d941-bf97-405a-bf6b-71256c335dcb,False,67f10a70-7093-47d7-9a5d-17f0f331e584
e065b046-8ddb-4482-9bd0-e0ee639d3fc2,KBQ 391L,5000.0,7aea156a-f9b8-4e13-92f4-483c356d5893,False,5b533901-0623-4f78-bace-9f677c1f459b
fa2f8b49-cb7a-4668-873b-619be57f2667,KCS 795L,3800.0,4835cd9a-2886-41f5-ba9a-471ef0e0aa22,False,5b533901-0623-4f78-bace-9f677c1f459b
4bd2293a-70aa-4600-8936-7edbdba736c1,KBN 172D,4950.0,ed42a2c7-d733-4bd6-8232-ac0e7f9e096b,False,f718def1-1fd1-4bfb-8f89-fb37d5bd2be8
653c7a30-547a-4694-92e7-3dfdf169165e,KBQ 596M,4000.0,a153b9a0-e018-4389-9f66-c2f6799a8aaa,False,f718def1-1fd1-4bfb-8f89-fb37d5bd2be8
58d597f5-9e61-4b8c-9694-c10704ddeb47,KCT 105W,7000.0,09455434-79c9-42f5-a7a7-c87c236436d2,False,ebed2404-4068-4d15-849e-75e578bc4e55
0144db12-cc8a-4b83-96e5-66dfd02e2fac,KBH 631V,10000.0,,True,
27d0cfb4-2b7a-46ef-8ab4-35ec3e2f9e60,KDA 761W,5000.0,f760752d-79fe-442a-b2c1-322af4e5e422,False,bab6f582-f960-4933-ba2e-20cfa1a09073
604515cf-3704-48e8-b14a-9e958739ed32,KBX 498Z,3850.0,,False,790ee6ba-e7d5-4743-ac10-e88636792a60
